Survey,Version,Item Concept,Form Name,Section Header,Field Type,Field Label,"Choices, Calculations, OR Slider Labels",Text Validation Type OR Show Slider Number,Text Validation Min,Text Validation Max,Branching Logic (Show field only if...),Required Field?,Custom Alignment,Field Annotation,Generalized Answer Codes,Registered Tier Rules,Controlled Tier Rules
Basics,,biologicalsexatbirth_sexatbirth,the_basics,,radio,What was your biological sex assigned at birth?,"SexAtBirth_Male, Male | SexAtBirth_Female, Female | SexAtBirth_Intersex, Intersex | SexAtBirth_SexAtBirthNoneOfThese, None of these describe me | PMI_PreferNotToAnswer, Prefer not to answer",,,,,,LV,REGISTERED_ANSWERS_BUCKETED,SexAtBirth_GeneralizedDiffSex,REGISTERED_ANSWERS_BUCKETED,
Basics,,gender_genderidentity,the_basics,,checkbox,What terms best express how you describe your gender identity? (Check all that apply),"GenderIdentity_Man, Man | GenderIdentity_Woman, Woman | GenderIdentity_NonBinary, Non-binary | GenderIdentity_Transgender, Transgender | GenderIdentity_AdditionalOptions, None of these describe me, and I'd like to consider additional options | PMI_PreferNotToAnswer, Prefer not to answer",,,,,,LV," @NONEOFTHEABOVE='PMI_PreferNotToAnswer,GenderIdentity_AdditionalOptions' REGISTERED_ANSWERS_BUCKETED",GenderIdentity_GeneralizedDiffGender,REGISTERED_ANSWERS_BUCKETED,
Basics,,aian_tribe,the_basics,,text,"Provide the name of the tribe in which you are enrolled  or affiliated or your tribal descent. (for example, Navajo Nation, Blackfeet Tribe, Mayan, Aztec, Native Village of Barrow Inupiat Traditional Government, Nome Eskimo Community, etc.)
",,,,,[aian_aianspecific(AIANSpecific_AmericanIndian)] = '1' or [aian_aianspecific(AIANSpecific_AlaskaNative)] = '1' or [aian_aianspecific(AIANSpecific_CentralSouthAmericanIndian)] = '1',,LV,REGISTERED_QUESTION_SUPPRESSED,,REGISTERED_QUESTION_SUPPRESSED,CONTROLLED_QUESTION_SUPPRESSED
Basics,,race_whatraceethnicity,the_basics,,checkbox,"Which categories describe you? Select all that apply. Note, you may select more than one group. ","WhatRaceEthnicity_AIAN, American Indian or Alaska Native (For example: Aztec, Blackfeet Tribe, Mayan, Navajo Nation, Native Village of Barrow Inupiat Traditional Government, Nome Eskimo Community, etc.) | WhatRaceEthnicity_Asian, Asian (For example: Asian Indian, Chinese, Filipino, Japanese, Korean, Vietnamese, etc.) | WhatRaceEthnicity_Black, Black, African American or African (For example: African American, Ethiopian, Haitian, Jamaican, Nigerian, Somali, etc.) | WhatRaceEthnicity_Hispanic, Hispanic, Latino, or Spanish  (For example: Columbian, Cuban, Dominican, Mexican or Mexican American, Puerto Rican, Salvadoran, etc.) | WhatRaceEthnicity_MENA, Middle Eastern or North African (For example: Algerian, Egyptian, Iranian, Lebanese, Moroccan, Syrian, etc.) | WhatRaceEthnicity_NHPI, Native Hawaiian or other Pacific Islander (For example: Chamorro, Fijian, Marshallese, Native Hawaiian, Tongan, etc.) | WhatRaceEthnicity_White, White (For example: English, European, French, German, Irish, Italian, Polish, etc.) | WhatRaceEthnicity_RaceEthnicityNoneOfThese, None of these fully describe me | PMI_PreferNotToAnswer, Prefer not to answer",,,,,,LV," @NONEOFTHEABOVE=PMI_PreferNotToAnswer, REGISTERED_ANSWERS_BUCKETED","WhatRaceEthnicity_GeneralizedPopulation, WhatRaceEthnicity_GeneralizedMultPopulations",,
Basics,,educationlevel_highestgrade,the_basics,,radio,What is the highest grade or year of school you completed?,"HighestGrade_NeverAttended, Never attended school or only attended kindergarten | HighestGrade_OneThroughFour, Grades 1 through 4 (Primary school) | HighestGrade_FiveThroughEight, Grades 5 through 8 (Middle school) | HighestGrade_NineThroughEleven, Grades 9 through 11 (Some high school) | HighestGrade_TwelveOrGED, Grade 12 or GED (High school graduate) | HighestGrade_CollegeOnetoThree, 1 to 3 years after high school (Some college, Associate's Degree, or technical school) | HighestGrade_CollegeGraduate, College 4 years or more (College graduate) | HighestGrade_AdvancedDegree, Advanced degree (Master's, Doctorate, etc.) | PMI_PreferNotToAnswer, Prefer not to answer",,,,,,LV,REGISTERED_ANSWERS_BUCKETED,"HighestGrade_GeneralizedNoHighSchoolDegree, HighestGrade_GeneralizedCollegeAndAbove",REGISTERED_ANSWERS_BUCKETED,
Social Determinants of Health,,sdoh_intro,social_determinants_of_health_english,,descriptive,"<div class=""rich-text-field-label""><p><span style=""font-weight: normal;"">Thank you (again) for being a part of the <em> All of Us </em> Research Program. Many things can make us sick or keep us healthy. Where you were born or where you live, go to school, or work can affect your health. These are sometimes referred to as social factors, or the ""social determinants"", of health. </span><span style=""font-weight: normal;"">Help us learn more by completing this survey about your neighborhood, social life, stress, and feelings about your everyday life. This survey will take less than 10 minutes to complete. </span><br /><br /><span style=""font-weight: normal;"">Please answer each question as honestly as possible. It is important that you answer as many questions as you can. We are looking for your own answers, and not what you think your doctors, family, or friends want you to say.</span><br /><br /><span style=""font-weight: normal;"">Don't feel like you have to spend a long time on each question. The first answer that comes to you is usually the best one. If you aren't sure how to answer a question, choose the best answer from the options given. Some of the questions may be sensitive. You can choose not to answer.</span></p></div>",,,,,,,,,,,
Basics,,employment_employmentstatus,the_basics,"The next questions are about your job, income, and where you live.",checkbox,What is your current employment status? Please select 1 or more of these categories.,"EmploymentStatus_EmployedForWages, Employed for wages (part-time or full-time) | EmploymentStatus_SelfEmployed, Self-employed | EmploymentStatus_OutOfWorkOneOrMore, Out of work for 1 year or more | EmploymentStatus_OutOfWorkLessThanOne, Out of work for less than 1 year | EmploymentStatus_Homemaker, A homemaker | EmploymentStatus_Student, A student | EmploymentStatus_Retired, Retired | EmploymentStatus_UnableToWork, Unable to work (disabled) | PMI_PreferNotToAnswer, Prefer not to answer",,,,,,LV,@NONEOFTHEABOVE=PMI_PreferNotToAnswer REGISTERED_ANSWERS_BUCKETED,"EmploymentStatus_GeneralizedEmployed, EmploymentStatus_GeneralizedNotEmployed",REGISTERED_ANSWERS_BUCKETED,
Basics,,maritalstatus_currentmaritalstatus,the_basics,,radio,What is your current marital status?,"CurrentMaritalStatus_Married, Married | CurrentMaritalStatus_Divorced, Divorced | CurrentMaritalStatus_Widowed, Widowed | CurrentMaritalStatus_Separated, Separated | CurrentMaritalStatus_NeverMarried, Never married | CurrentMaritalStatus_LivingWithPartner, Living with partner | PMI_PreferNotToAnswer, Prefer not to answer",,,,,,LV,,,,
Basics,,insurance_healthinsurance,the_basics,The next questions are about health insurance. Include health insurance obtained through employment or purchased directly as well as government programs like Medicare and Medicaid that provide medical care or help pay medical bills.,radio,Are you covered by health insurance or some other kind of health care plan?,"HealthInsurance_Yes, Yes | HealthInsurance_No, No | PMI_PreferNotToAnswer, Prefer not to answer | PMI_Dontknow, Don't know",,,,,,LV,,,,
Healthcare Access and Utilizati,,healthadvice_spokentophysicaltherapist,healthcare_access_and_utilization,,radio,"A physical therapist, speech therapist, respiratory therapist, audiologist, or occupational therapist?","SpokenToPhysicalTherapist_Yes, Yes | SpokenToPhysicalTherapist_No, No | PMI_Dontknow, Don't know",,,,[healthadvice_spokentoprofessional] = 'SpokenToProfessional_6moOrLess' or [healthadvice_spokentoprofessional] = 'SpokenToProfessional_6MoTo1YearAgo' or [healthadvice_spokentoprofessional] = 'PMI_Dontknow',,LV,,,,
Lifestyle,,smoking_100cigslifetime,lifestyle,,radio,Have you smoked at least 100 cigarettes in your entire life? (There are 20 cigarettes in a pack.),"100CigsLifetime_Yes, Yes | 100CigsLifetime_No, No | PMI_DontKnow, Don't know | PMI_PreferNotToAnswer, Prefer not to answer",,,,,,LV,,,,
COPE,"May, June, July",lifestyle_2_xx13,covid19_participant_experience_cope_survey,,radio,"In the past month:
 Did you use any type of electronic nicotine product? This includes e- cigarettes, vape pens, hookah pens, personal vaporizers and mods, e-cigars, e-pipes, and e-hookahs.","COPE_A_197, Yes, every day | COPE_A_169, Yes, some days | COPE_A_94, Not currently, but in the past | COPE_A_131, No, never",,,,,,LV,,,,
Lifestyle,,alcohol_alcoholparticipant,lifestyle,"Thanks for your answers. The next questions are about drinking alcohol. This includes coolers, beer, wine, champagne, liquor such as whiskey, rum, gin, vodka, scotch, or liqueurs, and also any other type of alcohol. This will help researchers better understand how alcohol affects health. As always, your answers are private. ",radio,"In your entire life, have you had at least 1 drink of any kind of alcohol, not counting small tastes or sips? (By a ""drink,"" we mean a can or bottle of beer, a glass of wine or a wine cooler, a shot of liquor, or a mixed drink with liquor in it.) ","AlcoholParticipant_Yes, Yes | AlcoholParticipant_No, No | PMI_PreferNotToAnswer, Prefer not to answer",,,,,,LV,,,,
COPE,"May, June, July",cope_a_160,covid19_participant_experience_cope_survey,,text,"<div class=""rich-text-field-label""><p><span style=""font-weight: normal;"">Hours per day</span></p></div>",,number,0,24,[ipaq_7] = 'COPE_A_213',,LV,,,,
Family Health History,,circulatorycondition_highbloodpressure_yes,family_health_history,,checkbox,Who in your family has had high blood pressure (hypertension)? Select all that apply.,"MotherCirculatoryCondition_HighBloodPressure, Mother | FatherCirculatoryCondition_HighBloodPressure, Father | SiblingCirculatoryCondition_HighBloodPressure, Sibling | DaughterCirculatoryCondition_HighBloodPressure, Daughter | SonCirculatoryCondition_HighBloodPressure, Son | GrandparentCirculatoryCondition_HighBloodPressure, Grandparent",,,,[diagnosedhealthcondition_circulatorycondition(CirculatoryCondition_HighBloodPressure)] = '1',,,,,,
Family Health History,,endocrinecondition_type1diabetes_yes,family_health_history,,checkbox,Who in your family has had type 1 diabetes? Select all that apply.,"MotherEndocrineCondition_Type1Diabetes, Mother | FatherEndocrineCondition_Type1Diabetes, Father | SiblingEndocrineCondition_Type1Diabetes, Sibling | DaughterEndocrineCondition_Type1Diabetes, Daughter | SonEndocrineCondition_Type1Diabetes, Son | GrandparentEndocrineCondition_Type1Diabetes, Grandparent",,,,[diagnosedhealthcondition_endocrinecondition(EndocrineCondition_Type1Diabetes)] = '1',,,,,,
Family Health History,,circulatorycondition_highcholesterol_yes,family_health_history,,checkbox,Who in your family has had high cholesterol? Select all that apply.,"MotherCirculatoryCondition_HighCholesterol, Mother | FatherCirculatoryCondition_HighCholesterol, Father | SiblingCirculatoryCondition_HighCholesterol, Sibling | DaughterCirculatoryCondition_HighCholesterol, Daughter | SonCirculatoryCondition_HighCholesterol, Son | GrandparentCirculatoryCondition_HighCholesterol, Grandparent",,,,[diagnosedhealthcondition_circulatorycondition(CirculatoryCondition_HighCholesterol)] = '1',,,,,,
Overall Health,,organtransplant_hearttransplantdate,overall_health,,text,Date of heart transplant:,,date_mdy,,,[organtransplant_organtransplantdescription(OrganTransplantDescription_Heart)] = '1',,LV,REGISTERED_DATE_SHIFTED,,REGISTERED_DATE_SHIFTED,
Family Health History,,circulatorycondition_stroke_yes,family_health_history,,checkbox,Who in your family has had a stroke? Select all that apply.,"MotherCirculatoryCondition_Stroke, Mother | FatherCirculatoryCondition_Stroke, Father | SiblingCirculatoryCondition_Stroke, Sibling | DaughterCirculatoryCondition_Stroke, Daughter | SonCirculatoryCondition_Stroke, Son | GrandparentCirculatoryCondition_Stroke, Grandparent",,,,[diagnosedhealthcondition_circulatorycondition(CirculatoryCondition_Stroke)] = '1',,,,,,
Family Health History,,diagnosedhealthcondition_cancercondition,family_health_history,Cancer Conditions,checkbox,Has anyone in your family ever been diagnosed with the following cancer conditions? Think only of the people you are related to by blood. Select all that apply.,"CancerCondition_BladderCancer, Bladder cancer | CancerCondition_BoneCancer, Bone cancer | CancerCondition_BloodCancer, Blood or soft tissue cancer | CancerCondition_BrainCancer, Brain cancer | CancerCondition_BreastCancer, Breast cancer | CancerCondition_CervicalCancer, Cervical cancer | CancerCondition_ColonRectalCancer, Colon cancer/Rectal cancer | CancerCondition_EndocrineCancer, Endocrine cancer | CancerCondition_EndometrialCancer, Endometrial cancer | CancerCondition_EsophagealCancer, Esophageal cancer | CancerCondition_EyeCancer, Eye cancer | CancerCondition_HeadNeckCancer, Head and neck cancer (This includes cancers of the mouth, sinuses, nose, or throat. This does not include brain cancer.) | CancerCondition_KidneyCancer, Kidney cancer | CancerCondition_LungCancer, Lung cancer | CancerCondition_OvarianCancer, Ovarian cancer | CancerCondition_PancreaticCancer, Pancreatic cancer | CancerCondition_ProstateCancer, Prostate cancer | CancerCondition_SkinCancer, Skin cancer | CancerCondition_StomachCancer, Stomach cancer | CancerCondition_ThyroidCancer, Thyroid cancer | CancerCondition_OtherCancer, Other cancer | PMI_None, None of the above | PMI_DontKnow, Don't know | PMI_PreferNotToAnswer, Prefer not to answer",,,,,,," @NONEOFTHEABOVE='PMI_None,PMI_DontKnow,PMI_PreferNotToAnswer'",,,
Family Health History,,respiratorycondition_asthma_yes,family_health_history,,checkbox,Who in your family has had asthma? Select all that apply.,"MotherRespiratoryCondition_Asthma, Mother | FatherRespiratoryCondition_Asthma, Father | SiblingRespiratoryCondition_Asthma, Sibling | DaughterRespiratoryCondition_Asthma, Daughter | SonRespiratoryCondition_Asthma, Son | GrandparentRespiratoryCondition_Asthma, Grandparent",,,,[diagnosedhealthcondition_respiratorycondition(RespiratoryCondition_Asthma)] = '1',,,,,,
Overall Health,,overallhealth_emotionalproblem7days,overall_health,,radio,"In the past 7 days, how often have you been bothered by emotional problems such as feeling anxious, depressed, or irritable?","EmotionalProblem7Days_Never, Never | EmotionalProblem7Days_Rarely, Rarely | EmotionalProblem7Days_Sometimes, Sometimes | EmotionalProblem7Days_Often, Often | EmotionalProblem7Days_Always, Always",,,,,,LV,,,,
Family Health History,,mentalcondition_anxietypanic_yes,family_health_history,,checkbox,Who in your family has had anxiety reaction/panic disorder? Select all that apply.,"MotherMentalCondition_AnxietyPanic, Mother | FatherMentalCondition_AnxietyPanic, Father | SiblingMentalCondition_AnxietyPanic, Sibling | DaughterMentalCondition_AnxietyPanic, Daughter | SonMentalCondition_AnxietyPanic, Son | GrandparentMentalCondition_AnxietyPanic, Grandparent",,,,[diagnosedhealthcondition_mentalcondition(MentalCondition_AnxietyPanic)] = '1',,,,,,
Overall Health,,overallhealth_generalmentalhealth,overall_health,,radio,"In general, how would you rate your mental health, including your mood and your ability to think? ","GeneralMentalHealth_Excellent, Excellent | GeneralMentalHealth_VeryGood, Very Good | GeneralMentalHealth_Good, Good | GeneralMentalHealth_Fair, Fair | GeneralMentalHealth_Poor, Poor",,,,,,LV,,,,
Lifestyle,,past3monthusefrequency_sedative3monthuse,lifestyle,,radio,"In the PAST THREE MONTHS, how often have you used sedatives or sleeping pills for non-medical reasons (Valium, Serepax, Ativan, Xanax, Librium, Rohypnol, GHB, etc.)?","Sedative3MonthUse_Never, Never | Sedative3MonthUse_OnceOrTwice, Once or twice | Sedative3MonthUse_Monthly, Monthly | Sedative3MonthUse_Weekly, Weekly | Sedative3MonthUse_Daily, Daily or almost daily | PMI_PreferNotToAnswer, Prefer not to answer",,,,[recreationaldruguse_whichdrugsused(WhichDrugsUsed_SedativesUse)] = '1',,LV,,,,
COPE,"May, June, July",ipaq_1,covid19_participant_experience_cope_survey,"Physical Activity
 
 Next, we ask you questions about your physical activity in the last 7 days.",radio,"Think about all the vigorous activities that you did in the last 7 days. Vigorous physical activities refer to activities that take hard physical effort and make you breathe much harder than normal. Think only about those physical activities that you did for at least 10 minutes at a time.
 
 During the last 7 days, did you do vigorous physical activities like heavy lifting, digging, aerobics, or fast bicycling?","COPE_A_44, Yes | COPE_A_13, No",,,,,,LV,,,,
COPE,"May, June, July",ipaq_5,covid19_participant_experience_cope_survey,,radio,"Think about the time you spent walking in the last 7 days. This includes at work and at home, walking to travel from place to place, and any other walking that you have done solely for recreation, sport, exercise, or leisure.
 
 During the last 7 days, did you walk for at least 10 minutes at a time?","COPE_A_44, Yes | COPE_A_13, No",,,,,,LV,,,,
Basics,,disability_deaf,the_basics,"The next questions ask if you have a disability. Some questions will ask you about more than one disability at a time. Please answer ""Yes"" if you have any one of them.

Info button text: In 1990, Congress passed a civil rights law to protect people with disabilities. The name of that law is the ADA (Americans with Disabilities Act). Having a disability means you might have a physical or mental problem. That problem might make it hard to do certain things. You might have a problem with: walking, breathing, learning, reading, communicating, seeing, hearing, or thinking.)",radio,Are you deaf or do you have serious difficulty hearing?,"Deaf_Yes, Yes | Deaf_No, No | Deaf_PreferNotToAnswer, Prefer not to answer",,,,,,,,,,
Lifestyle,,past3monthusefrequency_prescriptionstimulant3monthuse,lifestyle,,radio,"In the PAST THREE MONTHS, how often have you used prescription stimulants for non-medical reasons (Vyvanse, Ritalin, Concerta, Dexedrine, Adderall, diet pills, etc.)","PrescriptionStimulant3MonthUse_Never, Never | PrescriptionStimulant3MonthUse_OnceOrTwice, Once or twice | PrescriptionStimulant3MonthUse_Monthly, Monthly | PrescriptionStimulant3MonthUse_Weekly, Weekly | PrescriptionStimulant3MonthUse_Daily, Daily or almost daily | PMI_PreferNotToAnswer, Prefer not to answer",,,,[recreationaldruguse_whichdrugsused(WhichDrugsUsed_PrescriptionStimulantsUse)] = '1',,LV,past3monthusefrequency_prescriptionstimulant3monthuse=Past3MonthUseFrequency_Stimulant3MonthUse,,,
Lifestyle,,recreationaldruguse_whichdrugsused,lifestyle,"Thanks for your answers. Now we'd like to ask you about your experiences with medicines and other kinds of drugs. Some of the substances we'll talk about are prescribed by a doctor (like pain medications). We only want to know if you have taken them for reasons or in doses other than prescribed. We understand that these are sensitive questions. You may choose not to answer them. However, by providing answers, you are helping researchers better understand how these substances affect health.",checkbox,"In your LIFETIME, which of the following substances have you ever used?","WhichDrugsUsed_MarijuanaUse, Marijuana (cannabis, pot, grass, hash, weed, etc.) | WhichDrugsUsed_CocaineUse, Cocaine (coke, crack, etc.) | WhichDrugsUsed_PrescriptionStimulantsUse, Prescription stimulants for non-medical reasons (Ritalin, Concerta, Dexedrine, Adderall, diet pills, etc.) | WhichDrugsUsed_MethamphetamineUse, Other stimulants (methamphetamine, speed, crystal meth, ice, k2/spice, bath salts, etc.) | WhichDrugsUsed_InhalantsUse, Inhalants (nitrous oxide, glue, gas, paint thinner, etc.) | WhichDrugsUsed_SedativesUse, Sedatives or sleeping pills for non-medical reasons (Valium, Serepax, Ativan, Xanax, Librium, Rohypnol, GHB, etc.) | WhichDrugsUsed_HallucinogensUse, Hallucinogens (LSD, acid, mushrooms, PCP, Special K, ecstasy, etc.) | WhichDrugsUsed_StreetOpioidsUse, Street opioids (heroin, opium, etc.) | WhichDrugsUsed_PrescriptionOpioidsUse, Prescription opioids for non-medical reasons (fentanyl, oxycodone [OxyContin, Percocet], hydrocodone [Vicodin], methadone, buprenorphine, etc.) | WhichDrugsUsed_NoneOfTheseDrugs, None of these drugs | PMI_PreferNotToAnswer, Prefer not to answer | WhichDrugsUsed_OtherSpecify, Other (Specify)",,,,,,LV," @NONEOFTHEABOVE='WhichDrugsUsed_NoneOfTheseDrugs,PMI_PreferNotToAnswer'",,,
Healthcare Access and Utilizati,,cantaffordcare_healthcareprovider,healthcare_access_and_utilization,,radio,"To see a regular doctor or general health provider (in primary care, general practice, internal medicine, family medicine)","HealthcareProvider_Yes, Yes | HealthcareProvider_No, No | PMI_Dontknow, Don't know",,,,,,LV,,,,
Overall Health,,overallhealth,overall_health,,descriptive,Overall Health,,,,,,,,,,,
Basics,,disability_blind,the_basics,,radio,"Are you blind or do you have serious difficulty seeing, even when wearing glasses?","Blind_Yes, Yes | Blind_No, No | Blind_PreferNotToAnswer, Prefer not to answer",,,,,,,,,,
Personal Medical History,,circulatory_rxmedsforanemia,personal_medical_history,,radio,Are you currently prescribed medications and/or receiving treatment for anemia?,"RxMedsforAnemia_Yes, Yes | RxMedsforAnemia_No, No",,,,[circulatory_circulatoryconditions(CirculatoryConditions_Anemia)] = '1',,,,,,
Basics,,sexatbirthnoneofthese_sexatbirthtextbox,the_basics,,text,Please specify.,,,,,[biologicalsexatbirth_sexatbirth] = 'SexAtBirth_SexAtBirthNoneOfThese',,LV,REGISTERED_QUESTION_SUPPRESSED,,REGISTERED_QUESTION_SUPPRESSED,CONTROLLED_QUESTION_SUPPRESSED
Basics,,gender_closergenderdescription,the_basics,,checkbox,Are any of these a closer description to your gender identity? (Check all that apply),"CloserGenderDescription_TransMan, Trans man/Transgender Man/FTM | CloserGenderDescription_TransWoman, Trans woman/Transgender Woman/MTF | CloserGenderDescription_Genderqueer, Genderqueer | CloserGenderDescription_Genderfluid, Genderfluid | CloserGenderDescription_GenderVariant, Gender variant | SexualityCloserDescription_TwoSpirit, Two-spirit | CloserGenderDescription_Unsure, Questioning or unsure of your gender identity | CloserGenderDescription_SpecifiedGender, None of these describe me, and I want to specify",,,,[gender_genderidentity(GenderIdentity_NonBinary)] = '1' or [gender_genderidentity(GenderIdentity_Transgender)] = '1' or [gender_genderidentity(GenderIdentity_AdditionalOptions)] = '1',,LV,@NONEOFTHEABOVE=CloserGenderDescription_SpecifiedGender REGISTERED_QUESTION_SUPPRESSED,,REGISTERED_QUESTION_SUPPRESSED,
Basics,,livingsituation_peopleunder18,the_basics,,text,Think of other people who live with you. How many are under the age of 18 years?,,integer,1,20,[livingsituation_howmanypeople] > '0',,LV,REGISTERED_ANSWERS_BUCKETED,Generalized above 5,REGISTERED_ANSWERS_BUCKETED,CONTROLLED_ANSWERS_BUCKETED
Basics,,whatraceethnicity_raceethnicitynoneofthese,the_basics,,text,Please specify.,,,,,[race_whatraceethnicity(WhatRaceEthnicity_RaceEthnicityNoneOfThese)] = '1',,LV,REGISTERED_QUESTION_SUPPRESSED,,REGISTERED_QUESTION_SUPPRESSED,CONTROLLED_QUESTION_SUPPRESSED
COPE,"November, December, February",rand_alp_csq_1,november_covid19_participant_experience_cope_surve,"COVID-19 Related Impact
 
 The following questions ask about the social and financial impact of COVID-19 on your life during the past month. Please choose the answer that best applies to your situation.",radio,"Do you have a child that is currently enrolled in childcare centers, schools, or colleges?","COPE_A_44, Yes | COPE_A_13, No",,,,,,LV,,,,
COPE,"May, June, July",basics_8,covid19_participant_experience_cope_survey,,radio,What is your current marital status?,"COPE_A_116, Married | COPE_A_133, Divorced | COPE_A_58, Widowed | COPE_A_177, Separated | COPE_A_163, Never married | COPE_A_104, Living with partner | COPE_A_30, Prefer not to answer",,,,,,LV,,,,
Basics,,employment_employmentworkaddress,the_basics,,radio,"Sharing where you work may help us learn about how the environment affects health. Sharing your work address is your choice. You can say no and still take part in the program. 

What is your work street address?","employment_employmentworkaddress, Enter address | PMI_PreferNotToAnswer, Prefer not to answer",,,,[employment_employmentstatus(EmploymentStatus_EmployedForWages)] = '1' or [employment_employmentstatus(EmploymentStatus_SelfEmployed)] = '1',,LV,REGISTERED_QUESTION_SUPPRESSED,,REGISTERED_QUESTION_SUPPRESSED,CONTROLLED_QUESTION_SUPPRESSED
Healthcare Access and Utilizati,,healthadvice_physicaltherapistvisits,healthcare_access_and_utilization,,radio,"What is the total number of visits to a physical therapist, speech therapist, respiratory therapist, audiologist, or occupational therapist that you made in the last 12 months?","PhysicalTherapistVisits_1, 1 | PhysicalTherapistVisits_2to3, 2-3 | PhysicalTherapistVisits_4to5, 4-5 | PhysicalTherapistVisits_6to7, 6-7 | PhysicalTherapistVisits_8to9, 8-9 | PhysicalTherapistVisits_10to12, 10-12 | PhysicalTherapistVisits_13to15, 13-15 | PhysicalTherapistVisits_16orMore, 16 or more | PMI_Dontknow, Don't know",,,,[healthadvice_spokentophysicaltherapist] = 'SpokenToPhysicalTherapist_Yes',,LV,,,,
Lifestyle,,smoking_smokefrequency,lifestyle,,radio,"Do you now smoke cigarettes every day, some days, or not at all?","SmokeFrequency_EveryDay, Every day | SmokeFrequency_SomeDays, Some days | SmokeFrequency_NotAtAll, Not at all | PMI_DontKnow, Don't know | PMI_PreferNotToAnswer, Prefer not to answer",,,,[smoking_100cigslifetime] = '100CigsLifetime_Yes',,LV,,,,
Lifestyle,,alcohol_drinkfrequencypastyear,lifestyle,,radio,How often did you have a drink containing alcohol in the past year?,"DrinkFrequencyPastYear_Never, Never | DrinkFrequencyPastYear_MonthlyOrLess, Monthly or less | DrinkFrequencyPastYear_2to4PerMonth, Two to four times a month | DrinkFrequencyPastYear_2to3PerWeek, Two to three times a week | DrinkFrequencyPastYear_4orMorePerWeek, Four or more times a week | PMI_PreferNotToAnswer, Prefer not to answer",,,,[alcohol_alcoholparticipant] = 'AlcoholParticipant_Yes',,LV,,,,
COPE,"May, June, July",cope_a_85,covid19_participant_experience_cope_survey,,text,"<div class=""rich-text-field-label""><p><span style=""font-weight: normal;"">Minutes per day</span></p></div>",,number,0,59,[ipaq_7] = 'COPE_A_213',,LV,,,,
Personal Medical History,,circulatory_hypertensioncurrently,personal_medical_history,,radio,Are you still seeing a doctor or health care provider for hypertension (high blood pressure)?,"HypertensionCurrently_Yes, Yes | HypertensionCurrently_No, No",,,,[circulatory_circulatoryconditions(CirculatoryConditions_Hypertension)] = '1',,,,,,
Family Health History,,endocrinecondition_type2diabetes_yes,family_health_history,,checkbox,Who in your family has had type 2 diabetes? Select all that apply.,"MotherEndocrineCondition_Type2Diabetes, Mother | FatherEndocrineCondition_Type2Diabetes, Father | SiblingEndocrineCondition_Type2Diabetes, Sibling | DaughterEndocrineCondition_Type2Diabetes, Daughter | SonEndocrineCondition_Type2Diabetes, Son | GrandparentEndocrineCondition_Type2Diabetes, Grandparent",,,,[diagnosedhealthcondition_endocrinecondition(EndocrineCondition_Type2Diabetes)] = '1',,,,,,
Personal Medical History,,circulatory_highcholesterolcurrently,personal_medical_history,,radio,Are you still seeing a doctor or health care provider for high cholesterol?,"HighCholesterolCurrently_Yes, Yes | HighCholesterolCurrently_No, No",,,,[circulatory_circulatoryconditions(CirculatoryConditions_HighCholesterol)] = '1',,,,,,
Family Health History,,diagnosedhealthcondition_circulatorycondition,family_health_history,Heart and Blood Conditions,checkbox,Has anyone in your family ever been diagnosed with the following heart and blood conditions? Think only of the people you are related to by blood. Select all that apply.,"DiagnosedHealthCondition_Anemia, Anemia | CirculatoryCondition_AorticAneurysm, Aortic aneurysm | CirculatoryCondition_AtrialFibrilation, Atrial fibrillation (or a-fib) or atrial flutter (or a-flutter). | CirculatoryCondition_CongestiveHeartFailure, Congestive heart failure | CirculatoryCondition_CoronaryArteryHeartDisease, Coronary artery/coronary heart disease (includes angina) | CirculatoryCondition_HeartAttack, Heart attack | CirculatoryCondition_HeartValveDisease, Heart valve disease | CirculatoryCondition_HighBloodPressure, High blood pressure (Hypertension) | CirculatoryCondition_HighCholesterol, High cholesterol | CirculatoryCondition_PeripheralVascularDisease, Peripheral vascular disease | CirculatoryCondition_PulmonaryEmbolismThrombosis, Pulmonary embolism or deep vein thrombosis (DVT) | CirculatoryCondition_SickleCellDisease, Sickle cell disease | CirculatoryCondition_Stroke, Stroke | CirculatoryCondition_SuddenDeath, Sudden death | PMI_None, None of the above | PMI_DontKnow, Don't know | PMI_PreferNotToAnswer, Prefer not to answer",,,,,,," @NONEOFTHEABOVE='PMI_None,PMI_DontKnow,PMI_PreferNotToAnswer'",,,
Personal Medical History,,circulatory_strokecurrently,personal_medical_history,,radio,Are you still seeing a doctor or health care provider for a stroke?,"StrokeCurrently_Yes, Yes | StrokeCurrently_No, No",,,,[circulatory_circulatoryconditions(CirculatoryConditions_Stroke)] = '1',,,,,,
Family Health History,,cancercondition_bladdercancer_yes,family_health_history,,checkbox,Who in your family has had bladder cancer? Select all that apply.,"MotherCancerCondition_BladderCancer, Mother | FatherCancerCondition_BladderCancer, Father | SiblingCancerCondition_BladderCancer, Sibling | DaughterCancerCondition_BladderCancer, Daughter | SonCancerCondition_BladderCancer, Son | GrandparentCancerCondition_BladderCancer, Grandparent",,,,[diagnosedhealthcondition_cancercondition(CancerCondition_BladderCancer)] = '1',,,,,,
Personal Medical History,,respiratory_asthmacurrently,personal_medical_history,,radio,Are you still seeing a doctor or health care provider for asthma?,"AsthmaCurrently_Yes, Yes | AsthmaCurrently_No, No",,,,[respiratory_respiratoryconditions(RespiratoryConditions_Asthma)] = '1',,,,,,
Family Health History,,mentalcondition_depression_yes,family_health_history,,checkbox,Who in your family has had depression? Select all that apply.,"MotherMentalCondition_Depression, Mother | FatherMentalCondition_Depression, Father | SiblingMentalCondition_Depression, Sibling | DaughterMentalCondition_Depression, Daughter | SonMentalCondition_Depression, Son | GrandparentMentalCondition_Depression, Grandparent",,,,[diagnosedhealthcondition_mentalcondition(MentalCondition_Depression)] = '1',,,,,,
Personal Medical History,,mentalhealth_anxietycurrently,personal_medical_history,,radio,Are you still seeing a doctor or health care provider for anxiety reaction/panic disorder?,"AnxietyCurrently_Yes, Yes | AnxietyCurrently_No, No",,,,[mentalhealth_mentalhealthcondition(MentalHealthCondition_Anxiety)] = '1',,,,,,
Family Health History,,diagnosedhealthcondition_mentalcondition,family_health_history,Mental Health or Substance Use Conditions,checkbox,Has anyone in your family ever been diagnosed with the following mental health or substance use conditions? Think only of the people you are related to by blood. Select all that apply.,"MentalCondition_AlcoholUse, Alcohol use disorder | MentalCondition_AnxietyPanic, Anxiety reaction/panic disorder | MentalCondition_Autism, Autism spectrum disorder | MentalCondition_Bipolar, Bipolar disorder | MentalCondition_Depression, Depression | MentalCondition_DrugUse, Drug use disorder | MentalCondition_Schizophrenia, Schizophrenia | PMI_None, None of the above | PMI_DontKnow, Don't know | PMI_PreferNotToAnswer, Prefer not to answer",,,,,,," @NONEOFTHEABOVE='PMI_None,PMI_DontKnow,PMI_PreferNotToAnswer'",,,
Family Health History,,respiratorycondition_sleepapnea_yes,family_health_history,,checkbox,Who in your family has had sleep apnea? Select all that apply.,"MotherRespiratoryCondition_SleepApnea, Mother | FatherRespiratoryCondition_SleepApnea, Father | SiblingRespiratoryCondition_SleepApnea, Sibling | DaughterRespiratoryCondition_SleepApnea, Daughter | SonRespiratoryCondition_SleepApnea, Son | GrandparentRespiratoryCondition_SleepApnea, Grandparent",,,,[diagnosedhealthcondition_respiratorycondition(RespiratoryCondition_SleepApnea)] = '1',,,,,,
COPE,"May, June, July",ipaq_3,covid19_participant_experience_cope_survey,,radio,"Think about all the moderate activities that you did in the last 7 days. Moderate activities refer to activities that take moderate physical effort and make you breathe somewhat harder than normal. Think only about those physical activities that you did for at least 10 minutes at a time.
 
 During the last 7 days, did you do moderate physical activity like carrying light loads, bicycling at a regular pace, or doubles tennis?","COPE_A_44, Yes | COPE_A_13, No",,,,,,LV,,,,
Basics,,disability_walkingclimbing,the_basics,,radio,Do you have serious difficulty walking or climbing stairs?,"WalkingClimbing_Yes, Yes | WalkingClimbing_No, No | WalkingClimbing_PreferNotToAnswer, Prefer not to answer",,,,,,,,,,
Lifestyle,,past3monthusefrequency_inhalant3monthuse,lifestyle,,radio,"In the PAST THREE MONTHS, how often have you used inhalants (nitrous oxide, glue, gas, paint thinner, etc.)?","Inhalant3MonthUse_Never, Never | Inhalant3MonthUse_OnceOrTwice, Once or twice | Inhalant3MonthUse_Monthly, Monthly | Inhalant3MonthUse_Weekly, Weekly | Inhalant3MonthUse_Daily, Daily or almost daily | PMI_PreferNotToAnswer, Prefer not to answer",,,,[recreationaldruguse_whichdrugsused(WhichDrugsUsed_InhalantsUse)] = '1',,LV,,,,
COPE,"May, June, July, November, December, February",basics_xx,covid19_participant_experience_cope_survey,"Basic Information
 
 The next questions ask about circumstances that affect your general health.",text,"Not including yourself, how many other people live at home with you?",,number,0,,,,LV,REGISTERED_ANSWERS_BUCKETED,Generalized>10,REGISTERED_ANSWERS_BUCKETED,
Overall Health,,overallhealth_menstrualstopped,overall_health,The next few questions are about women's health issues.  Women's health is very important when considering your overall health. Answering these questions will help us get a more complete picture of your total health.,radio,Have your menstrual periods stopped permanently?,"MenstrualStopped_PeriodsHaventStopped, No | MenstrualStopped_YesNone, Yes, I have no menstrual periods | MenstrualStopped_YesButHormone, Yes, but I have periods induced by hormones | MenstrualStopped_NotSureMenstrualStopped, Not sure | PMI_PreferNotToAnswer, Prefer not to answer",,,,,,LV,,,,
Basics,,disability_difficultyconcentrating,the_basics,,radio,"Because of a physical, mental, or emotional condition, do you have serious difficulty concentrating, remembering or making decisions?","DifficultyConcentrating_Yes, Yes | DifficultyConcentrating_No, No | DifficultyConcentrating_PreferNotToAnswer, Prefer not to answer",,,,,,,,,,
Personal Medical History,,circulatory_rxmedsforatrialfibrillation,personal_medical_history,,radio,Are you currently prescribed medications and/or receiving treatment for atrial fibrillation (Afib) or atrial flutter?,"RxMedsforAtrialFibrillation_Yes, Yes | RxMedsforAtrialFibrillation_No, No",,,,[circulatory_circulatoryconditions(CirculatoryConditions_AtrialFibrillation)] = '1',,,,,,
Basics,,thebasics_sexualorientation,the_basics,,checkbox,Which of the following best represents how you think of yourself? (Check all that apply),"SexualOrientation_Gay, Gay | SexualOrientation_Lesbian, Lesbian | SexualOrientation_Straight, Straight; that is, not gay or lesbian, etc. | SexualOrientation_Bisexual, Bisexual | SexualOrientation_None, None of these describe me and I'd like to see additional options | PMI_PreferNotToAnswer, Prefer not to answer",,,,,,LV," @NONEOFTHEABOVE='PMI_PreferNotToAnswer,SexualOrientation_None' REGISTERED_ANSWERS_BUCKETED",SexualOrientation_GeneralizedNotStraight,REGISTERED_ANSWERS_BUCKETED,
Basics,,specifiedgender_specifiedgendertextbox,the_basics,,text,Please specify.,,,,,[gender_closergenderdescription(CloserGenderDescription_SpecifiedGender)] = '1',,LV,REGISTERED_QUESTION_SUPPRESSED,,REGISTERED_QUESTION_SUPPRESSED,CONTROLLED_QUESTION_SUPPRESSED
Basics,,healthinsurance_insurancetypeupdate,the_basics,,checkbox,Are you currently covered by any of the following types of health insurance or health coverage plans? Select all that apply from one group.,"InsuranceTypeUpdate_Purchased, Insurance purchased directly from an insurance company (by you or another family member) | InsuranceTypeUpdate_EmployerOrUnion, Insurance through a current or former employer or union (by you or another family member) | InsuranceTypeUpdate_Medicare, Medicare, for people 65 and older or people with certain disabilities | InsuranceTypeUpdate_Medicaid, Medicaid, Medical Assistance, or any kind of government-assistance plan for those with low incomes or disability | InsuranceTypeUpdate_Military, TRICARE or other military health care | InsuranceTypeUpdate_VA, Veterans Affairs (VA) (including those who have ever used or enrolled for VA health care) | InsuranceTypeUpdate_Indian, Indian Health Service | InsuranceTypeUpdate_OtherHealthPlan, Any other type of health insurance or health coverage plan | InsuranceTypeUpdate_None, I don't have health insurance, self-pay",,,,[insurance_healthinsurance] = 'HealthInsurance_Yes',,LV," @NONEOFTHEABOVE=InsuranceTypeUpdate_None, I don't have health insurance",,,
Healthcare Access and Utilizati,,healthproviderracereligion_howoften,healthcare_access_and_utilization,,radio,How often were you able to see doctors or health care providers who were similar to you in any of these ways? Would you say...,"HowOften_Always, Always | HowOften_MostOfTheTime, Most of the time | HowOften_SomeOfTheTime, Some of the time | HowOften_NoneOfTheTime, None of the time | PMI_Dontknow, Don't know",,,,,,LV,,,,
COPE,"November, December, February",rand_alp_csq_2a,november_covid19_participant_experience_cope_surve,,radio,"Compared with when they were in person at school or a childcare center, how much time are you spending on care and supervision of your children?","cope_a_254, Much more | cope_a_250, A little more | cope_a_251, About the same | cope_a_252, A little less | cope_a_253, Much less",,,,[rand_alp_csq_xx_1] = 'cope_a_286' or [rand_alp_csq_xx_1] = 'cope_a_284',,LV,,,,
Basics,,employmentworkaddress_addresslineone,the_basics,,text,Address 1,,,,,[employment_employmentworkaddress] = 'employment_employmentworkaddress',,LV,REGISTERED_QUESTION_SUPPRESSED,,REGISTERED_QUESTION_SUPPRESSED,CONTROLLED_QUESTION_SUPPRESSED
Lifestyle,,smoking_seriousquitattempt,lifestyle,,radio,"In the past, have you ever made a serious attempt to quit smoking? That is, have you stopped smoking for at least one day or longer because you were trying to quit?","SeriousQuitAttempt_AttemptQuitSmoking, Yes | SeriousQuitAttempt_NoAttemptQuitSmoking, No | PMI_DontKnow, Don't know | PMI_PreferNotToAnswer, Prefer not to answer",,,,[smoking_100cigslifetime] = '100CigsLifetime_Yes',,LV,,,,
Lifestyle,,alcohol_6ormoredrinksoccurence,lifestyle,,radio,How often did you have six or more drinks on one occasion in the past year?,"6orMoreDrinksOccurence_LessThanMonthly, Less than monthly | 6orMoreDrinksOccurence_Monthly, Monthly | 6orMoreDrinksOccurence_Weekly, Weekly | 6orMoreDrinksOccurence_Daily, Daily or almost daily | 6orMoreDrinksOccurence_NeverInLastYear, Never in the last year | PMI_PreferNotToAnswer, Prefer not to answer",,,,[alcohol_drinkfrequencypastyear] = 'DrinkFrequencyPastYear_MonthlyOrLess' or [alcohol_drinkfrequencypastyear] = 'DrinkFrequencyPastYear_2to4PerMonth' or [alcohol_drinkfrequencypastyear] = 'DrinkFrequencyPastYear_2to3PerWeek' or [alcohol_drinkfrequencypastyear] = 'DrinkFrequencyPastYear_4orMorePerWeek',,LV,,,,
Personal Medical History,,circulatory_howoldwereyouhypertension,personal_medical_history,,radio,About how old were you when you were first told you had hypertension (high blood pressure)?,"HowOldWereYouHypertension_Child, Child (0-11) | HowOldWereYouHypertension_Adolescent, Adolescent (12-17) | HowOldWereYouHypertension_Adult, Adult (18-64) | HowOldWereYouHypertension_OlderAdult, Older adult (65-74) | HowOldWereYouHypertension_Elderly, Elderly (75+)",,,,[circulatory_circulatoryconditions(CirculatoryConditions_Hypertension)] = '1',,,,,,
Family Health History,,endocrinecondition_otherdiabetes_yes,family_health_history,,checkbox,Who in your family has had other/unknown diabetes? Select all that apply.,"MotherEndocrineCondition_OtherDiabetes, Mother | FatherEndocrineCondition_OtherDiabetes, Father | SiblingEndocrineCondition_OtherDiabetes, Sibling | DaughterEndocrineCondition_OtherDiabetes, Daughter | SonEndocrineCondition_OtherDiabetes, Son | GrandparentEndocrineCondition_OtherDiabetes, Grandparent",,,,[diagnosedhealthcondition_endocrinecondition(EndocrineCondition_OtherDiabetes)] = '1',,,,,,
Personal Medical History,,circulatory_howoldwereyouhighcholesterol,personal_medical_history,,radio,About how old were you when you were first told you had high cholesterol?,"HowOldWereYouHighCholesterol_Child, Child (0-11) | HowOldWereYouHighCholesterol_Adolescent, Adolescent (12-17) | HowOldWereYouHighCholesterol_Adult, Adult (18-64) | HowOldWereYouHeartAttackHighCholesterol_OlderAdult, Older adult (65-74) | HowOldWereYouHighCholesterol_Elderly, Elderly (75+)",,,,[circulatory_circulatoryconditions(CirculatoryConditions_HighCholesterol)] = '1',,,,,,
Family Health History,,circulatorycondition_congestiveheartfailure_yes,family_health_history,,checkbox,Who in your family has had congestive heart failure? Select all that apply.,"MotherCirculatoryCondition_CongestiveHeartFailure, Mother | FatherCirculatoryCondition_CongestiveHeartFailure, Father | SiblingCirculatoryCondition_CongestiveHeartFailure, Sibling | DaughterCirculatoryCondition_CongestiveHeartFailure, Daughter | SonCirculatoryCondition_CongestiveHeartFailure, Son | GrandparentCirculatoryCondition_CongestiveHeartFailure, Grandparent",,,,[diagnosedhealthcondition_circulatorycondition(CirculatoryCondition_CongestiveHeartFailure)] = '1',,,"DaughterCirculatoryCondition_CongestiveHeartFailure=DaughterCirculatoryCondition_CongestiveHeartFail,
GrandparentCirculatoryCondition_CongestiveHeartFailure=GrandparentCirculatoryCondition_CongestiveHeart",,,
Personal Medical History,,circulatory_howoldwereyoustroke,personal_medical_history,,radio,About how old were you when you were first told you had a stroke?,"HowOldWereYouStroke_Child, Child (0-11) | HowOldWereYouStroke_Adolescent, Adolescent (12-17) | HowOldWereYouStroke_Adult, Adult (18-64) | HowOldWereYouStroke_OlderAdult, Older adult (65-74) | HowOldWereYouStroke_Elderly, Elderly (75+)",,,,[circulatory_circulatoryconditions(CirculatoryConditions_Stroke)] = '1',,,,,,
Family Health History,,cancercondition_bonecancer_yes,family_health_history,,checkbox,Who in your family has had bone cancer? Select all that apply.,"MotherCancerCondition_BoneCancer, Mother | FatherCancerCondition_BoneCancer, Father | SiblingCancerCondition_BoneCancer, Sibling | DaughterCancerCondition_BoneCancer, Daughter | SonCancerCondition_BoneCancer, Son | GrandparentCancerCondition_BoneCancer, Grandparent",,,,[diagnosedhealthcondition_cancercondition(CancerCondition_BoneCancer)] = '1',,,,,,
Personal Medical History,,respiratory_howoldwereyouasthma,personal_medical_history,,radio,About how old were you when you were first told you had asthma?,"HowOldWereYouAsthma_Child, Child (0-11) | HowOldWereYouAsthma_Adolescent, Adolescent (12-17) | HowOldWereYouAsthma_Adult, Adult (18-64) | HowOldWereYouAsthma_OlderAdult, Older adult (65-74) | HowOldWereYouAsthma_Elderly, Elderly (75+)",,,,[respiratory_respiratoryconditions(RespiratoryConditions_Asthma)] = '1',,,,,,
Personal Medical History,,mentalhealth_depressioncurrently,personal_medical_history,,radio,Are you still seeing a doctor or health care provider for depression?,"DepressionCurrently_Yes, Yes | DepressionCurrently_No, No",,,,[mentalhealth_mentalhealthcondition(MentalHealthCondition_Depression)] = '1',,,,,,
Personal Medical History,,mentalhealth_howoldwereyouanxiety,personal_medical_history,,radio,About how old were you when you were first told you had anxiety reaction/panic disorder?,"HowOldWereYouAnxiety_Child, Child (0-11) | HowOldWereYouAnxiety_Adolescent, Adolescent (12-17) | HowOldWereYouAnxiety_Adult, Adult (18-64) | HowOldWereYouAnxiety_OlderAdult, Older adult (65-74) | HowOldWereYouAnxiety_Elderly, Elderly (75+)",,,,[mentalhealth_mentalhealthcondition(MentalHealthCondition_Anxiety)] = '1',,,,,,
Personal Medical History,,mentalhealth_mentalhealthcondition,personal_medical_history,Mental Health and Substance Use Conditions,checkbox,Has a doctor or health care provider ever told you that you have...? Select all that apply.,"MentalHealthCondition_AlcoholUse, Alcohol use disorder | MentalHealthCondition_Anxiety, Anxiety reaction/panic disorder | MentalHealthCondition_ADHD, Attention-deficit/hyperactivity disorder (ADHD) | MentalHealthCondition_AutismSpectrum, Autism spectrum disorder | MentalHealthCondition_Bipolar, Bipolar disorder | MentalHealthCondition_Depression, Depression | MentalHealthCondition_DrugUse, Drug use disorder | MentalHealthCondition_EatingDisorder, Eating disorder | MentalHealthCondition_PersonalityDisorder, Personality disorder | MentalHealthCondition_PTSD, Post-traumatic stress disorder (PTSD) | MentalHealthCondition_Schizophrenia, Schizophrenia | MentalHealthCondition_SocialPhobia, Social phobia | MentalHealthCondition_OtherMentalHealthSubstanceUse, Other mental health or substance use condition | MentalHealthCondition_NoMentalHealthSubstanceUse, I have/have had no mental health or substance use condition",,,,,,,@NONEOFTHEABOVE=MentalHealthCondition_NoMentalHealthSubstanceUse MentalHealthCondition_OtherMentalHealthSubstanceUse=MentalHealthCondition_OtherCondition,,,
Personal Medical History,,respiratory_sleepapneacurrently,personal_medical_history,,radio,Are you still seeing a doctor or health care provider for sleep apnea?,"SleepApneaCurrently_Yes, Yes | SleepApneaCurrently_No, No",,,,[respiratory_respiratoryconditions(RespiratoryConditions_SleepApnea)] = '1',,,,,,
Overall Health,,overallhealth_everydayactivities,overall_health,,radio,"To what extent are you able to carry out your everyday physical activities such as walking, climbing stairs, carrying groceries, or moving a chair?","EverydayActivities_Completely, Completely | EverydayActivities_Mostly, Mostly | EverydayActivities_Moderately, Moderately | EverydayActivities_ALittle, A little | EverydayActivities_NotAtAll, Not at all",,,,,,LV,,,,
COPE,"November, December, February",c19corset_59,november_covid19_participant_experience_cope_surve,"Health Basics
 
 The next questions ask about circumstances that affect your general health which might change over time.",radio,"If you know it, what is your blood group/blood type?","cope_a_283, A | cope_a_279, B | cope_a_280, AB | cope_a_281, O | cope_a_282, I don't know my blood group for certain | COPE_A_30, Prefer not to answer",,,,,,LV,,,,
Basics,,disability_dressingbathing,the_basics,,radio,Do you have difficulty dressing or bathing?,"DressingBathing_Yes, Yes | DressingBathing_No, No | DressingBathing_PreferNotToAnswer, Prefer not to answer",,,,,,,,,,
Personal Medical History,,circulatory_rxmedsforbleedingdisorder,personal_medical_history,,radio,Are you currently prescribed medications and/or receiving treatment for a bleeding disorder?,"RxMedsforBleedingDisorder_Yes, Yes | RxMedsforBleedingDisorder_No, No",,,,[circulatory_circulatoryconditions(CirculatoryConditions_BleedingDisorder)] = '1',,,,,,
Basics,,genderidentity_sexualitycloserdescription,the_basics,,radio,Are any of these a closer description of how you think of yourself?,"SexualityCloserDescription_Queer, Queer | SexualityCloserDescription_PolyOmniSapioPansexual, Polysexual, omnisexual, sapiosexual or pansexual | SexualityCloserDescription_Asexual, Asexual | SexualityCloserDescription_TwoSpirit, Two-spirit | SexualityCloserDescription_NotFiguredOut, Have not figured out or are in the process of figuring our your sexuality | SexualityCloserDescription_MostlyStraight, Mostly straight, but  sometimes attracted to people of your own sex | SexualityCloserDescription_NoSexuality, Do not think of yourself as having sexuality | SexualityCloserDescription_NoLabels, Do not use labels to identity yourself | SexualityCloserDescription_DontKnow, Don't know the answer | SexualityCloserDescription_SomethingElse, No, I mean something else",,,,[thebasics_sexualorientation(SexualOrientation_None)] = '1',,LV,REGISTERED_QUESTION_SUPPRESSED,,REGISTERED_QUESTION_SUPPRESSED,
Basics,,income_annualincome,the_basics,,radio,"One of the things we're trying to understand is how people's income may affect their use of health services.  Household income includes your income plus the income of all family members in your household for the last calendar year.  Include all wages and other sources of income.

What is your annual household income from all sources?","AnnualIncome_less10k, Less than $10,000 | AnnualIncome_10k25k, $10,000- $24,999 | AnnualIncome_25k35k, $25,000- $34,999 | AnnualIncome_35k50k, $35,000- $49,999 | AnnualIncome_50k75k, $50,000- $74,999 | AnnualIncome_75k100k, $75,000-$99,999 | AnnualIncome_100k150k, $100,000- $149,999 | AnnualIncome_150k200k, $150,000- $199,999 | AnnualIncome_more200k, $200,000 or more | PMI_PreferNotToAnswer, Prefer not to answer",,,,,,LV,,,,
Healthcare Access and Utilizati,,healthproviderracereligion_delayedornocare,healthcare_access_and_utilization,,radio,How often have you either delayed or not gone to see doctors or health care providers because they were different from you in any of these ways?,"DelayedOrNoCare_Always, Always | DelayedOrNoCare_MostOfTheTime, Most of the time | DelayedOrNoCare_SomeOfTheTime, Some of the time | DelayedOrNoCare_NoneOfTheTime, None of the time | PMI_Dontknow, Don't know",,,,,,LV,,,,
COPE,"November, December, February",rand_alp_csq_2b,november_covid19_participant_experience_cope_surve,,radio,"Compared with when they were in in person school or a childcare center, how much time are you spending on helping your children with learning activities provided by their schools or childcare center?","cope_a_254, Much more | cope_a_250, A little more | cope_a_251, About the same | cope_a_252, A little less | cope_a_253, Much less",,,,[rand_alp_csq_xx_1] = 'cope_a_286' or [rand_alp_csq_xx_1] = 'cope_a_284',,LV,,,,
Basics,,employmentworkaddress_addresslinetwo,the_basics,,text,Address 2,,,,,[employment_employmentworkaddress] = 'employment_employmentworkaddress',,LV,REGISTERED_QUESTION_SUPPRESSED,,REGISTERED_QUESTION_SUPPRESSED,CONTROLLED_QUESTION_SUPPRESSED
Lifestyle,,attemptquitsmoking_completelyquit,lifestyle,,radio,"If you have completely stopped smoking cigarettes, how old were you when you stopped?","attemptquitsmoking_completelyquitage, Enter response | AttemptQuitSmoking_CompletelyQuitAgeDontKnow, Don't know | AttemptQuitSmoking_CompletelyQuitAgePreferNotToAnswer, Prefer not to answer",,,,[smoking_seriousquitattempt] = 'SeriousQuitAttempt_AttemptQuitSmoking',,LV,"REGISTERED_QUESTION_SUPPRESSED, AttemptQuitSmoking_CompletelyQuitAgePreferNotToAnswer=AttemptQuitSmoking_CompletelyQuitAgePreferNo",,REGISTERED_QUESTION_SUPPRESSED,CONTROLLED_QUESTION_SUPPRESSED
Family Health History,,mentalcondition_alcoholuse_yes,family_health_history,,checkbox,Who in your family has had alcohol use disorder? Select all that apply.,"MotherMentalCondition_AlcoholUse, Mother | FatherMentalCondition_AlcoholUse, Father | SiblingMentalCondition_AlcoholUse, Sibling | DaughterMentalCondition_AlcoholUse, Daughter | SonMentalCondition_AlcoholUse, Son | GrandparentMentalCondition_AlcoholUse, Grandparent",,,,[diagnosedhealthcondition_mentalcondition(MentalCondition_AlcoholUse)] = '1',,,,,,
Personal Medical History,,circulatory_prescribedmedsforhypertension,personal_medical_history,,radio,Are you currently prescribed medications and/or receiving treatment for hypertension (high blood pressure)?,"PrescribedMedsforHypertension_Yes, Yes | PrescribedMedsforHypertension_No, No",,,,[circulatory_circulatoryconditions(CirculatoryConditions_Hypertension)] = '1',,,,,,
Personal Medical History,,endocrine_prediabetescurrently,personal_medical_history,,radio,Are you still seeing a doctor or health care provider for prediabetes?,"PrediabetesCurrently_Yes, Yes | PrediabetesCurrently_No, No",,,,[endocrine_endocrineconditions(EndocrineConditions_PreDiabetes)] = '1',,,,,,
Personal Medical History,,circulatory_rxmedsforhighcholesterol,personal_medical_history,,radio,Are you currently prescribed medications and/or receiving treatment for high cholesterol?,"RxMedsforHighCholesterol_Yes, Yes | RxMedsforHighCholesterol_No, No",,,,[circulatory_circulatoryconditions(CirculatoryConditions_HighCholesterol)] = '1',,,,,,
Family Health History,,circulatorycondition_coronaryarteryheartdisease_yes,family_health_history,,checkbox,Who in your family has had coronary artery/coronary heart disease (includes angina)? Select all that apply.,"MotherCirculatoryCondition_CoronaryArteryHeartDisease, Mother | FatherCirculatoryCondition_CoronaryArteryHeartDisease, Father | SiblingCirculatoryCondition_CoronaryArteryHeartDisease, Sibling | DaughterCirculatoryCondition_CoronaryArteryHeartDisease, Daughter | SonCirculatoryCondition_CoronaryArteryHeartDisease, Son | GrandparentCirculatoryCondition_CoronaryArteryHeartDisease, Grandparent",,,,[diagnosedhealthcondition_circulatorycondition(CirculatoryCondition_CoronaryArteryHeartDisease)] = '1',,,"circulatorycondition_coronaryarteryheartdisease_yes=CirculatoryCondition_CoronaryArteryHeartDisease_y,
MotherCirculatoryCondition_CoronaryArteryHeartDisease=MotherCirculatoryCondition_CoronaryArteryHeart,
FatherCirculatoryCondition_CoronaryArteryHeartDisease=FatherCirculatoryCondition_CoronaryArteryHeart,
SiblingCirculatoryCondition_CoronaryArteryHeartDisease=SiblingCirculatoryCondition_CoronaryArteryHeart,
DaughterCirculatoryCondition_CoronaryArteryHeartDisease=DaughterCirculatoryCondition_CoronaryArteryHeart,
GrandparentCirculatoryCondition_CoronaryArteryHeartDisease=GrandparentCirculatoryCondition_CoroArteryHeart",,,
Personal Medical History,,circulatory_rxmedsforstroke,personal_medical_history,,radio,Are you currently prescribed medications and/or receiving treatment for a stroke?,"RxMedsforStroke_Yes, Yes | RxMedsforStroke_No, No",,,,[circulatory_circulatoryconditions(CirculatoryConditions_Stroke)] = '1',,,,,,
Family Health History,,cancercondition_bloodcancer_yes,family_health_history,,checkbox,Who in your family has had blood or soft tissue cancer? Select all that apply.,"MotherCancerCondition_BloodCancer, Mother | FatherCancerCondition_BloodCancer, Father | SiblingCancerCondition_BloodCancer, Sibling | DaughterCancerCondition_BloodCancer, Daughter | SonCancerCondition_BloodCancer, Son | GrandparentCancerCondition_BloodCancer, Grandparent",,,,[diagnosedhealthcondition_cancercondition(CancerCondition_BloodCancer)] = '1',,,,,,
Personal Medical History,,respiratory_rxmedsforasthma,personal_medical_history,,radio,Are you currently prescribed medications and/or receiving treatment for asthma?,"RxMedsforAsthma_Yes, Yes | RxMedsforAsthma_No, No",,,,[respiratory_respiratoryconditions(RespiratoryConditions_Asthma)] = '1',,,,,,
Personal Medical History,,mentalhealth_howoldwereyoudepression,personal_medical_history,,radio,About how old were you when you were first told you had depression?,"HowOldWereYouDepression_Child, Child (0-11) | HowOldWereYouDepression_Adolescent, Adolescent (12-17) | HowOldWereYouDepression_Adult, Adult (18-64) | HowOldWereYouDepression_OlderAdult, Older adult (65-74) | HowOldWereYouDepression_Elderly, Elderly (75+)",,,,[mentalhealth_mentalhealthcondition(MentalHealthCondition_Depression)] = '1',,,,,,
Personal Medical History,,mentalhealth_rxmedsforanxiety,personal_medical_history,,radio,Are you currently prescribed medications and/or receiving treatment for anxiety reaction/panic disorder?,"RxMedsforAnxiety_Yes, Yes | RxMedsforAnxiety_No, No",,,,[mentalhealth_mentalhealthcondition(MentalHealthCondition_Anxiety)] = '1',,,,,,
Personal Medical History,,othermentalhealthsubstanceuse_freetextbox,personal_medical_history,,text,Please specify other mental health or substance use condition.,,,,,[mentalhealth_mentalhealthcondition(MentalHealthCondition_OtherMentalHealthSubstanceUse)] = '1',,,REGISTERED_QUESTION_SUPPRESSED,,REGISTERED_QUESTION_SUPPRESSED,CONTROLLED_QUESTION_SUPPRESSED
Personal Medical History,,respiratory_howoldwereyousleepapnea,personal_medical_history,,radio,About how old were you when you were first told you had sleep apnea?,"HowOldWereYouSleepApnea_Child, Child (0-11) | HowOldWereYouSleepApnea_Adolescent, Adolescent (12-17) | HowOldWereYouSleepApnea_Adult, Adult (18-64) | HowOldWereYouSleepApnea_OlderAdult, Older adult (65-74) | HowOldWereYouSleepApnea_Elderly, Elderly (75+)",,,,[respiratory_respiratoryconditions(RespiratoryConditions_SleepApnea)] = '1',,,,,,
Social Determinants of Health,,ips_1,social_determinants_of_health_english,The next questions ask about what is in your neighborhood. Think about the area around your home that you can walk to in 10-15 minutes.,radio,What is the main type of housing in your neighborhood?,"SDOH_10, Detached single-family housing | SDOH_11, Townhouses, row house, apartments, or condos of 2-3 stories | SDOH_12, Mix of single-family residences and townhouses, row houses, apartments, or condos | SDOH_13, Apartments or condos of 4-12 stories | SDOH_14, Apartments or condos of more than 12 stories | PMI_DontKnow, Don't know/Not sure",,,,,,,,,,
Basics,,disability_errandsalone,the_basics,,radio,"Because of a physical, mental, or emotional condition, do you have difficulty doing errands alone such as visiting doctor's office or shopping?","ErrandsAlone_Yes, Yes | ErrandsAlone_No, No | ErrandsAlone_PreferNotToAnswer, Prefer not to answer",,,,,,,,,,
Personal Medical History,,circulatory_rxmedsforperipheralvasculardisease,personal_medical_history,,radio,Are you currently prescribed medications and/or receiving treatment for peripheral vascular disease?,"RxMedsforPeripheralVascularDisease_Yes, Yes | RxMedsforPeripheralVascularDisease_No, No",,,,[circulatory_circulatoryconditions(CirculatoryConditions_PeripheralVascularDisease)] = '1',,,,,,
Basics,,somethingelse_sexualitysomethingelsetextbox,the_basics,,text,Please specify.,,,,,[genderidentity_sexualitycloserdescription] = 'SexualityCloserDescription_SomethingElse',,LV,REGISTERED_QUESTION_SUPPRESSED,,REGISTERED_QUESTION_SUPPRESSED,CONTROLLED_QUESTION_SUPPRESSED
Lifestyle,,smoking_dailysmokestartingage,lifestyle,,radio,How old were you when you first started regular cigarette smoking?,"smoking_dailysmokestartingage_enterage, Enter response | Smoking_DailySmokeStartingAgeDontKnow, Don't know | Smoking_DailySmokeStartingAgePreferNotToAnswer, Prefer not to answer",,,,[smoking_100cigslifetime] = '100CigsLifetime_Yes',,LV,REGISTERED_QUESTION_SUPPRESSED,,REGISTERED_QUESTION_SUPPRESSED,CONTROLLED_QUESTION_SUPPRESSED
COPE,"November, December, February",rand_alp_csq_xx_1,november_covid19_participant_experience_cope_surve,,radio,"In the past month, did you have a child enrolled in childcare centers, schools, or colleges that is learning remotely because of COVID-19?","cope_a_286, Yes, at home full time | cope_a_284, Yes, at home part of the time | cope_a_328, Yes, but not at home | cope_a_285, No, at care, school, or college full time",,,,[rand_alp_csq_1] = 'COPE_A_44',,LV,,,,
Basics,,employmentworkaddress_city,the_basics,,text,City,,,,,[employment_employmentworkaddress] = 'employment_employmentworkaddress',,LV,REGISTERED_QUESTION_SUPPRESSED,,REGISTERED_QUESTION_SUPPRESSED,CONTROLLED_QUESTION_SUPPRESSED
Lifestyle,,smoking_numberofyears,lifestyle,,radio,How many years have you or did you smoke cigarettes?,"smoking_numberofyears_enteryears, Enter response | Smoking_NumberOfYearsDontKnow, Don't know | Smoking_NumberOfYearsPreferNotToKnow, Prefer not to answer",,,,[smoking_100cigslifetime] = '100CigsLifetime_Yes',,LV,REGISTERED_QUESTION_SUPPRESSED,,REGISTERED_QUESTION_SUPPRESSED,CONTROLLED_QUESTION_SUPPRESSED
Personal Medical History,,mentalhealth_alcoholdisordercurrently,personal_medical_history,,radio,Are you still seeing a doctor or health care provider for alcohol use disorder?,"AlcoholOrDrugCurrently_Yes, Yes | AlcoholOrDrugCurrently_No, No",,,,[mentalhealth_mentalhealthcondition(MentalHealthCondition_AlcoholUse)] = '1',,,,,,
Personal Medical History,,endocrine_howoldwereyouprediabetes,personal_medical_history,,radio,About how old were you when you were first told you had prediabetes?,"HowOldWereYouPrediabetes_Child, Child (0-11) | HowOldWereYouPrediabetes_Adolescent, Adolescent (12-17) | HowOldWereYouPrediabetes_Adult, Adult (18-64) | HowOldWereYouPrediabetes_OlderAdult, Older adult (65-74) | HowOldWereYouPrediabetes_Elderly, Elderly (75+)",,,,[endocrine_endocrineconditions(EndocrineConditions_PreDiabetes)] = '1',,,,,,
Family Health History,,circulatorycondition_heartattack_yes,family_health_history,,checkbox,Who in your family has had a heart attack? Select all that apply.,"MotherCirculatoryCondition_HeartAttack, Mother | FatherCirculatoryCondition_HeartAttack, Father | SiblingCirculatoryCondition_HeartAttack, Sibling | DaughterCirculatoryCondition_HeartAttack, Daughter | SonCirculatoryCondition_HeartAttack, Son | GrandparentCirculatoryCondition_HeartAttack, Grandparent",,,,[diagnosedhealthcondition_circulatorycondition(CirculatoryCondition_HeartAttack)] = '1',,,,,,
Personal Medical History,,circulatory_transientischemicattackcurrently,personal_medical_history,,radio,Are you still seeing a doctor or health care provider for transient ischemic attacks (TIAs or mini-strokes)?,"TransientIschemicAttackCurrently_Yes, Yes | TransientIschemicAttackCurrently_No, No",,,,[circulatory_circulatoryconditions(CirculatoryConditions_TransientIschemicAttack)] = '1',,,,,,
Family Health History,,cancercondition_braincancer_yes,family_health_history,,checkbox,Who in your family has had brain cancer? Select all that apply.,"MotherCancerCondition_BrainCancer, Mother | FatherCancerCondition_BrainCancer, Father | SiblingCancerCondition_BrainCancer, Sibling | DaughterCancerCondition_BrainCancer, Daughter | SonCancerCondition_BrainCancer, Son | GrandparentCancerCondition_BrainCancer, Grandparent",,,,[diagnosedhealthcondition_cancercondition(CancerCondition_BrainCancer)] = '1',,,,,,
Personal Medical History,,mentalhealth_rxmedsfordepression,personal_medical_history,,radio,Are you currently prescribed medications and/or receiving treatment for depression?,"RxMedsforDepression_Yes, Yes | RxMedsforDepression_No, No",,,,[mentalhealth_mentalhealthcondition(MentalHealthCondition_Depression)] = '1',,,,,,
COPE,"May, June, July",gad_7_1,covid19_participant_experience_cope_survey,"Anxiety
 
 The next questions ask about worrying.",radio,"In the past 2 weeks, how often have you been bothered by the following problem?
 Feeling nervous, anxious, or on edge","COPE_A_168, Not at all | COPE_A_111, Several days | COPE_A_75, More than half the days | COPE_A_161, Nearly every day",,,,,,LV,,,,
Personal Medical History,,mentalhealth_othermentalhealthsubstanceusecurrently,personal_medical_history,,radio,Are you still seeing a doctor or health care provider for other mental health or substance use condition?,"OtherMentalHealthSubstanceUseCurrently_Yes, Yes | OtherMentalHealthSubstanceUseCurrently_No, No",,,,[mentalhealth_mentalhealthcondition(MentalHealthCondition_OtherMentalHealthSubstanceUse)] = '1',,,mentalhealth_othermentalhealthsubstanceusecurrently=MentalHealth_OtherConditionCurrently,,,
Personal Medical History,,respiratory_rxmedsforsleepapnea,personal_medical_history,,radio,Are you currently prescribed medications and/or receiving treatment for sleep apnea?,"RxMedsforSleepApnea_Yes, Yes | RxMedsforSleepApnea_No, No",,,,[respiratory_respiratoryconditions(RespiratoryConditions_SleepApnea)] = '1',,,,,,
Social Determinants of Health,,ips_2,social_determinants_of_health_english,,radio,"Many shops, stores, markets or other places to buy things I need are within easy walking distance of my home. Would you say that you...","SDOH_5, Strongly disagree | SDOH_6, Somewhat disagree | SDOH_7, Somewhat agree | SDOH_1, Strongly agree | PMI_DontKnow, Don't know/Not sure",,,,,,,,,,
Personal Medical History,,circulatory_rxmedsforpulmonaryembolism,personal_medical_history,,radio,Are you currently prescribed medications and/or receiving treatment for pulmonary embolism or deep vein thrombosis?,"RxMedsforPulmonaryEmbolism_Yes, Yes | RxMedsforPulmonaryEmbolism_No, No",,,,[circulatory_circulatoryconditions(CirculatoryConditions_PulmonaryEmbolism)] = '1',,,,,,
Personal Medical History,,infectiousdiseases_stiscurrently,personal_medical_history,,radio,"Are you still seeing a doctor or health care provider for sexually transmitted infections (Gonorrhea, Syphilis, Chlamydia)?","STIsCurrently_Yes, Yes | STIsCurrently_No, No",,,,[infectiousdiseases_infectiousdiseasecondition(InfectiousDiseaseCondition_SexuallyTransmittedInfections)] = '1',,,,,,
Lifestyle,,smoking_dailysmokestartingagenumber,lifestyle,,text,Age:,,integer,1,99,[smoking_dailysmokestartingage] = 'smoking_dailysmokestartingage_enterage',,LV,smoking_dailysmokestartingagenumber=smoking_dailysmokestartingage,,,
Basics,,employmentworkaddress_state,the_basics,,dropdown,State,"State_AL, Alabama | State_AK, Alaska | State_AZ, Arizona | State_AR, Arkansas | State_CA, California | State_CO, Colorado | State_CT, Connecticut | State_DE, Delaware | State_FL, Florida | State_GA, Georgia | State_HI, Hawaii | State_ID, Idaho | State_IL, Illinois | State_IN, Indiana | State_IA, Iowa | State_KS, Kansas | State_KY, Kentucky | State_LA, Louisiana | State_ME, Maine | State_MD, Maryland | State_MA, Massachusetts | State_MI, Michigan | State_MN, Minnesota | State_MS, Mississippi | State_MO, Missouri | State_MT, Montana | State_NE, Nebraska | State_NV, Nevada | State_NH, New Hampshire | State_NJ, New Jersey | State_NM, New Mexico | State_NY, New York | State_NC, North Carolina | State_ND, North Dakota | State_OH, Ohio | State_OK, Oklahoma | State_OR, Oregon | State_PA, Pennsylvania | State_RI, Rhode Island | State_SC, South Carolina | State_SD, South Dakota | State_TN, Tennessee | State_TX, Texas | State_UT, Utah | State_VT, Vermont | State_VA, Virginia | State_WA, Washington | State_WV, West Virginia | State_WI, Wisconsin | State_WY, Wyoming | State_DC, District of Columbia",,,,[employment_employmentworkaddress] = 'employment_employmentworkaddress',,LV,REGISTERED_QUESTION_SUPPRESSED,,REGISTERED_QUESTION_SUPPRESSED,CONTROLLED_QUESTION_SUPPRESSED
Lifestyle,,smoking_numberofyearsnumber,lifestyle,,text,Number of years:,,integer,1,99,[smoking_numberofyears] = 'smoking_numberofyears_enteryears',,LV,smoking_numberofyearsnumber=smoking_numberofyears,,,
Personal Medical History,,mentalhealth_howoldwereyoualcoholdisorder,personal_medical_history,,radio,About how old were you when you were first told you had alcohol use disorder?,"HowOldWereYouAlcoholDisorder_Child, Child (0-11) | HowOldWereYouAlcoholDisorder_Adolescent, Adolescent (12-17) | HowOldWereYouAlcoholDisorder_Adult, Adult (18-64) | HowOldWereYouAlcoholDisorder_OlderAdult, Older adult (65-74) | HowOldWereYouAlcoholDisorder_Elderly, Elderly (75+)",,,,[mentalhealth_mentalhealthcondition(MentalHealthCondition_AlcoholUse)] = '1',,,,,,
Personal Medical History,,endocrine_rxmedsforprediabetes,personal_medical_history,,radio,Are you currently prescribed medications and/or receiving treatment for prediabetes?,"RxMedsforPrediabetes_Yes, Yes | RxMedsforPrediabetes_No, No",,,,[endocrine_endocrineconditions(EndocrineConditions_PreDiabetes)] = '1',,,,,,
Family Health History,,circulatorycondition_heartvalvedisease_yes,family_health_history,,checkbox,Who in your family has had heart valve disease? Select all that apply.,"MotherCirculatoryCondition_HeartValveDisease, Mother | FatherCirculatoryCondition_HeartValveDisease, Father | SiblingCirculatoryCondition_HeartValveDisease, Sibling | DaughterCirculatoryCondition_HeartValveDisease, Daughter | SonCirculatoryCondition_HeartValveDisease, Son | GrandparentCirculatoryCondition_HeartValveDisease, Grandparent",,,,[diagnosedhealthcondition_circulatorycondition(CirculatoryCondition_HeartValveDisease)] = '1',,,,,,
Personal Medical History,,circulatory_howoldwereyoutransientischemicattack,personal_medical_history,,radio,About how old were you when you were first told you had transient ischemic attacks (TIAs or mini-strokes)?,"HowOldWereYouTransientIschemicAttack_Child, Child (0-11) | HowOldWereYouTransientIschemicAttack_Adolescent, Adolescent (12-17) | HowOldWereYouTransientIschemicAttack_Adult, Adult (18-64) | HowOldWereYouTransientIschemicAttack_OlderAdult, Older adult (65-74) | HowOldWereYouTransientIschemicAttack_Elderly, Elderly (75+)",,,,[circulatory_circulatoryconditions(CirculatoryConditions_TransientIschemicAttack)] = '1',,,,,,
Family Health History,,cancercondition_breastcancer_yes,family_health_history,,checkbox,Who in your family has had breast cancer? Select all that apply.,"MotherCancerCondition_BreastCancer, Mother | FatherCancerCondition_BreastCancer, Father | SiblingCancerCondition_BreastCancer, Sibling | DaughterCancerCondition_BreastCancer, Daughter | SonCancerCondition_BreastCancer, Son | GrandparentCancerCondition_BreastCancer, Grandparent",,,,[diagnosedhealthcondition_cancercondition(CancerCondition_BreastCancer)] = '1',,,,,,
COPE,"May, June, July",phq_9_2,covid19_participant_experience_cope_survey,,radio,"In the past 2 weeks, how often have you been bothered by:
 Feeling down, depressed, or hopeless","COPE_A_168, Not at all | COPE_A_111, Several days | COPE_A_75, More than half the days | COPE_A_161, Nearly every day",,,,,,LV,,,,
Personal Medical History,,mentalhealth_howoldwereyouothermentalhealthsubstanceuse,personal_medical_history,,radio,About how old were you when you were first told you had other mental health or substance use condition?,"HowOldWereYouOtherMentalHealthSubstanceUse_Child, Child (0-11) | HowOldWereYouOtherMentalHealthSubstanceUse_Adolescent, Adolescent (12-17) | HowOldWereYouOtherMentalHealthSubstanceUse_Adult, Adult (18-64) | HowOldWereYouOtherMentalHealthSubstanceUse_OlderAdult, Older adult (65-74) | HowOldWereYouOtherMentalHealthSubstanceUse_Elderly, Elderly (75+)",,,,[mentalhealth_mentalhealthcondition(MentalHealthCondition_OtherMentalHealthSubstanceUse)] = '1',,,"mentalhealth_howoldwereyouothermentalhealthsubstanceuse=MentalHealthCondition_OtherHowOld,
HowOldWereYouOtherMentalHealthSubstanceUse_Adolescent=MentalHealthCondition_OtherAdolescent,
HowOldWereYouOtherMentalHealthSubstanceUse_Elderly=MentalHealthCondition_OtherElderly,
HowOldWereYouOtherMentalHealthSubstanceUse_OlderAdult=MentalHealthCondition_OtherOlderAdult",,,
COPE,"May, June, July",phq_9_3,covid19_participant_experience_cope_survey,,radio,"In the past 2 weeks, how often have you been bothered by:
 Trouble falling or staying asleep, or sleeping too much","COPE_A_168, Not at all | COPE_A_111, Several days | COPE_A_75, More than half the days | COPE_A_161, Nearly every day",,,,,,LV,,,,
Social Determinants of Health,,ips_3,social_determinants_of_health_english,,radio,"It is within a 10-15 minute walk to a transit stop (such as bus, train, trolley, or tram) from my home. Would you say that you...","SDOH_5, Strongly disagree | SDOH_6, Somewhat disagree | SDOH_7, Somewhat agree | SDOH_1, Strongly agree | PMI_DontKnow, Don't know/Not sure",,,,,,,,,,
Personal Medical History,,circulatory_rxmedsforsicklecelldisease,personal_medical_history,,radio,Are you currently prescribed medications and/or receiving treatment for sickle cell disease?,"RxMedsforSickleCellDisease_Yes, Yes | RxMedsforSickleCellDisease_No, No",,,,[circulatory_circulatoryconditions(CirculatoryConditions_SickleCellDisease)] = '1',,,,,,
Personal Medical History,,infectiousdiseases_howoldwereyoustis,personal_medical_history,,radio,"About how old were you when you were first told you had sexually transmitted infections (Gonorrhea, Syphilis, Chlamydia)?","HowOldWereYouSTIs_Child, Child (0-11) | HowOldWereYouSTIs_Adolescent, Adolescent (12-17) | HowOldWereYouSTIs_Adult, Adult (18-64) | HowOldWereYouSTIs_OlderAdult, Older adult (65-74) | HowOldWereYouSTIs_Elderly, Elderly (75+)",,,,[infectiousdiseases_infectiousdiseasecondition(InfectiousDiseaseCondition_SexuallyTransmittedInfections)] = '1',,,,,,
Lifestyle,,attemptquitsmoking_completelyquitage,lifestyle,,text,Age when you stopped smoking:,,integer,1,99,[attemptquitsmoking_completelyquit] = 'attemptquitsmoking_completelyquit_enterage',,LV,,,,
Basics,,employmentworkaddress_zipcode,the_basics,,text,Zip Code,,zipcode,,,[employment_employmentworkaddress] = 'employment_employmentworkaddress',,LV,REGISTERED_QUESTION_SUPPRESSED,,REGISTERED_QUESTION_SUPPRESSED,CONTROLLED_QUESTION_SUPPRESSED
Lifestyle,,smoking_currentdailycigarettenumber,lifestyle,,text,Number of cigarettes per day:,,integer,0,99,[smoking_currentdailycigarette] = 'smoking_currentdailycigarette_enternumber',,LV,,,,
Personal Medical History,,mentalhealth_rxmedsforalcoholdisorder,personal_medical_history,,radio,Are you currently prescribed medications and/or receiving treatment for alcohol use disorder?,"RxMedsforAlcoholOrDrug_Yes, Yes | RxMedsforAlcoholOrDrug_No, No",,,,[mentalhealth_mentalhealthcondition(MentalHealthCondition_AlcoholUse)] = '1',,,,,,
Personal Medical History,,endocrine_type1diabetescurrently,personal_medical_history,,radio,Are you still seeing a doctor or health care provider for type 1 diabetes?,"Type1DiabetesCurrently_Yes, Yes | Type1DiabetesCurrently_No, No",,,,[endocrine_endocrineconditions(EndocrineConditions_Type1Diabetes)] = '1',,,,,,
Personal Medical History,,circulatory_circulatoryconditions,personal_medical_history,"This survey asks questions about your Personal Medical History. This is to better understand how it may affect health. To ensure your privacy, your name will be separated from your answers before they are shared with researchers.

It will take about 10-15 minutes to answer these questions. Please answer each question as honestly as possible. Some of the questions may be sensitive. You can choose not to answer. There are no right or wrong answers to any of the questions. It is important that you answer as many questions as you can. We are looking for your own answers, not what you think your doctors, family, or friends want you to say.

Do not feel like you have to spend a long time on each question. The first answer that comes to you is usually the best one. If you are not sure how to answer a question, choose the best answer from the options given. If you are unsure of what a condition is, hover over the 'i' icon to its right for more information.<br><br>Heart and Blood Conditions",checkbox,Has a doctor or health care provider ever told you that you have...? Select all that apply.,"CirculatoryConditions_Anemia, Anemia | CirculatoryConditions_AtrialFibrillation, Atrial fibrillation (Afib) or Atrial flutter | CirculatoryConditions_BleedingDisorder, Bleeding disorder | CirculatoryConditions_CongestiveHeartFailure, Congestive heart failure | CirculatoryConditions_CoronaryArtery, Coronary artery/coronary heart disease | CirculatoryConditions_HeartAttack, Heart attack | CirculatoryConditions_HeartValveDisease, Heart valve disease | CirculatoryConditions_HighCholesterol, High cholesterol | CirculatoryConditions_Hypertension, Hypertension (high blood pressure) | CirculatoryConditions_PeripheralVascularDisease, Peripheral vascular disease | CirculatoryConditions_PulmonaryEmbolism, Pulmonary embolism or deep vein thrombosis | CirculatoryConditions_SickleCellDisease, Sickle cell disease | CirculatoryConditions_Stroke, Stroke | CirculatoryConditions_TransientIschemicAttack, Transient ischemic attacks (TIAs or mini-strokes) | CirculatoryConditions_OtherHeartorBloodCondition, Other heart or blood condition | CirculatoryConditions_NoHeartorBloodCondition, I have/have had no heart or blood condition",,,,,,,@NONEOFTHEABOVE=CirculatoryConditions_NoHeartorBloodCondition,,,
Personal Medical History,,circulatory_rxmedsfortransientischemicattack,personal_medical_history,,radio,Are you currently prescribed medications and/or receiving treatment for transient ischemic attacks (TIAs or mini-strokes)?,"RxMedsforTransientIschemicAttack_Yes, Yes | noRxMedsforTransientIschemicAttack_No, No",,,,[circulatory_circulatoryconditions(CirculatoryConditions_TransientIschemicAttack)] = '1',,,,,,
Family Health History,,cancercondition_cervicalcancer_yes,family_health_history,,checkbox,Who in your family has had cervical cancer? Select all that apply.,"MotherCancerCondition_CervicalCancer, Mother | SiblingCancerCondition_CervicalCancer, Sibling | DaughterCancerCondition_CervicalCancer, Daughter | GrandparentCancerCondition_CervicalCancer, Grandparent",,,,[diagnosedhealthcondition_cancercondition(CancerCondition_CervicalCancer)] = '1',,,,,,
Personal Medical History,,mentalhealth_rxmedsforothermentalhealthsubstanceuse,personal_medical_history,,radio,Are you currently prescribed medications and/or receiving treatment for other mental health or substance use condition?,"RxMedsforOtherMentalHealthSubstanceUse_Yes, Yes | RxMedsforOtherMentalHealthSubstanceUse_No, No",,,,[mentalhealth_mentalhealthcondition(MentalHealthCondition_OtherMentalHealthSubstanceUse)] = '1',,,mentalhealth_rxmedsforothermentalhealthsubstanceuse=MentalHealth_RxMedsOtherCondition,,,
COPE,"May, June, July",tsu_ds5_13_xx33,covid19_participant_experience_cope_survey,,radio,Did you use prescription sedatives or prescription sleeping pills in any way a doctor did not direct you to use it?,"COPE_A_44, Yes | COPE_A_13, No",,,,[tsu_ds5_13_xx(COPE_A_221)] = '1',,LV,,,,
Social Determinants of Health,,ips_4,social_determinants_of_health_english,,radio,There are sidewalks on most of the streets in my neighborhood. Would you say that you...,"SDOH_5, Strongly disagree | SDOH_6, Somewhat disagree | SDOH_7, Somewhat agree | SDOH_1, Strongly agree | SDOH_9, Does not apply to my neighborhood | PMI_DontKnow, Don't know/Not sure",,,,,,,,,,
Personal Medical History,,respiratory_rxmedsforchroniclungdisease,personal_medical_history,,radio,Are you currently prescribed medications and/or receiving treatment for chronic lung disease?,"RxMedsforChronicLungDisease_Yes, Yes | RxMedsforChronicLungDisease_No, No",,,,[respiratory_respiratoryconditions(RespiratoryConditions_ChronicLung)] = '1',,,,,,
Personal Medical History,,infectiousdiseases_rxmedsforstis,personal_medical_history,,radio,"Are you currently prescribed medications and/or receiving treatment for sexually transmitted infections (Gonorrhea, Syphilis, Chlamydia)?","RxMedsforSTIs_Yes, Yes | RxMedsforSTIs_No, No",,,,[infectiousdiseases_infectiousdiseasecondition(InfectiousDiseaseCondition_SexuallyTransmittedInfections)] = '1',,,,,,
Lifestyle,,smoking_currentdailycigarette,lifestyle,,radio,"On average, how many cigarettes do you smoke per day now? (There are 20 cigarettes in a pack.)","smoking_currentdailycigarette_enternumber, Enter response | Smoking_CurrentDailyCigaretteNumberDontKnow, Don't know | Smoking_CurrentDailyCigaretteNumberPreferNotToAnswer, Prefer not to answer",,,,[smoking_100cigslifetime] = '100CigsLifetime_Yes',,LV,"REGISTERED_QUESTION_SUPPRESSED, Smoking_CurrentDailyCigaretteNumberPreferNotToAnswer=Smoking_CurrentDailyCigaretteNumberPreferNo",,REGISTERED_QUESTION_SUPPRESSED,CONTROLLED_QUESTION_SUPPRESSED
Basics,,employmentworkaddress_country,the_basics,,text,Country,,,,,[employment_employmentworkaddress] = 'employment_employmentworkaddress',,LV,REGISTERED_QUESTION_SUPPRESSED,,REGISTERED_QUESTION_SUPPRESSED,CONTROLLED_QUESTION_SUPPRESSED
Lifestyle,,electronicsmoking_electricsmokeparticipant,lifestyle,,radio,"Have you ever used an electronic nicotine product, even one or two times? (Electronic nicotine products include e-cigarettes, vape pens, hookah pens, personal vaporizers and mods, e-cigars, e-pipes, and e-hookahs.)","ElectricSmokeParticipant_Yes, Yes | ElectricSmokeParticipant_No, No | PMI_DontKnow, Don't know | PMI_PreferNotToAnswer, Prefer not to answer",,,,,,LV,,,,
Social Determinants of Health,,nds_10,social_determinants_of_health_english,,radio,There is too much alcohol use in my neighborhood.,"SDOH_5, Strongly disagree | SDOH_4, Disagree | SDOH_2, Agree | SDOH_1, Strongly agree",,,,,,,,,,
Personal Medical History,,endocrine_howoldwereyoutype1diabetes,personal_medical_history,,radio,About how old were you when you were first told you had type 1 diabetes?,"HowOldWereYouType1Diabetes_Child, Child (0-11) | HowOldWereYouType1Diabetes_Adolescent, Adolescent (12-17) | HowOldWereYouType1Diabetes_Adult, Adult (18-64) | HowOldWereYouType1Diabetes_OlderAdult, Older adult (65-74) | HowOldWereYouType1Diabetes_Elderly, Elderly (75+)",,,,[endocrine_endocrineconditions(EndocrineConditions_Type1Diabetes)] = '1',,,,,,
Personal Medical History,,circulatory_congestiveheartfailurecurrently,personal_medical_history,,radio,Are you still seeing a doctor or health care provider for congestive heart failure?,"CongestiveHeartFailureCurrently_Yes, Yes | CongestiveHeartFailureCurrently_No, No",,,,[circulatory_circulatoryconditions(CirculatoryConditions_CongestiveHeartFailure)] = '1',,,,,,
Personal and Family Health Hist,,circulatorycondition_transientischemicattack_yes,personal_and_family_health_history,,checkbox,"Including yourself, who in your family has had transient ischemic attacks (TIAs or mini-strokes)? Select all that apply.","CirculatoryConditions_TransientIschemicAttack, Self | MotherCirculatoryCondition_TransientIschemicAttack, Mother | FatherCirculatoryCondition_TransientIschemicAttack, Father | siblingcirculatorycondition_transientischemicattac, Sibling | daughtercirculatorycondition_transientischemicatta, Daughter | SonCirculatoryCondition_TransientIschemicAttack, Son | grandparentcirculatorycondition_transientischemica, Grandparent",,,,[diagnosedhealthcondition_circulatorycondition(CirculatoryCondition_TransientIschemicAttack)] = '1',,,,,,
Family Health History,,cancercondition_colonrectalcancer_yes,family_health_history,,checkbox,Who in your family has had colon cancer/rectal cancer? Select all that apply.,"MotherCancerCondition_ColonRectalCancer, Mother | FatherCancerCondition_ColonRectalCancer, Father | SiblingCancerCondition_ColonRectalCancer, Sibling | DaughterCancerCondition_ColonRectalCancer, Daughter | SonCancerCondition_ColonRectalCancer, Son | GrandparentCancerCondition_ColonRectalCancer, Grandparent",,,,[diagnosedhealthcondition_cancercondition(CancerCondition_ColonRectalCancer)] = '1',,,,,,
Personal and Family Health Hist,,othermentalhealthsubstanceuse_motherfreetextbox,personal_and_family_health_history,,text,Please specify the other mental health or substance use condition(s) your mother has had.,,,,,[mentalcondition_othermentalhealthsubstanceuse_yes(mothermentalcondition_othermentalhealthsubstanceus)] = '1',,,,,REGISTERED_QUESTION_SUPPRESSED,CONTROLLED_QUESTION_SUPPRESSED
COPE,"May, June, July",tsu_ds5_13_xx34,covid19_participant_experience_cope_survey,,radio,Do you think you have used more or less prescription sedatives or prescription sleeping pills in the past month than you used to?,"COPE_A_227, Less often than usual | COPE_A_228, The same as usual | COPE_A_229, More often than usual",,,,[tsu_ds5_13_xx(COPE_A_221)] = '1',,LV,,,,
Social Determinants of Health,,ips_6,social_determinants_of_health_english,,radio,"My neighborhood has several free or low-cost recreation facilities, such as parks, walking trails, bike paths, recreation centers, playgrounds, public swimming pools, etc. Would you say that you...","SDOH_5, Strongly disagree | SDOH_6, Somewhat disagree | SDOH_7, Somewhat agree | SDOH_1, Strongly agree | PMI_DontKnow, Don't know/Not sure",,,,,,,,,,
Personal Medical History,,respiratory_rxmedsforotherlungcondition,personal_medical_history,,radio,Are you currently prescribed medications and/or receiving treatment for this lung condition?,"RxMedsforOtherLungCondition_Yes, Yes | RxMedsforOtherLungCondition_No, No",,,,[respiratory_respiratoryconditions(RespiratoryConditions_OtherLungCondition)] = '1',,,,,,
Lifestyle,,smoking_averagedailycigarette,lifestyle,,radio,"On average, over the entire time that you smoked, how many cigarettes did you smoke each day? (There are 20 cigarettes in a pack.)","smoking_averagedailycigarette_enternumber, Enter response | Smoking_AverageDailyCigaretteNumberDontKnow, Don't know | Smoking_AverageDailyCigaretteNumberPreferNotToAnswer, Prefer not to answer",,,,[smoking_100cigslifetime] = '100CigsLifetime_Yes',,LV,"REGISTERED_QUESTION_SUPPRESSED, Smoking_AverageDailyCigaretteNumberPreferNotToAnswer=Smoking_AverageDailyCigaretteNumberPreferNo",,REGISTERED_QUESTION_SUPPRESSED,CONTROLLED_QUESTION_SUPPRESSED
Overall Health,,overallhealth_generalsocial,overall_health,,radio,"In general, please rate how well you carry out your usual social roles. (This includes activities at home, at work and in your community, and responsibilities as a parent, child, spouse, employee, friend, etc.)","GeneralSocial_Excellent, Excellent | GeneralSocial_VeryGood, Very Good | GeneralSocial_Good, Good | GeneralSocial_Fair, Fair | GeneralSocial_Poor, Poor",,,,,,LV,,,,
Lifestyle,,electronicsmoking_electricsmokefrequency,lifestyle,,radio,Do you now use electronic nicotine products...,"ElectricSmokeFrequency_EveryDay, Every day | ElectricSmokeFrequency_SomeDays, Some days | ElectricSmokeFrequency_NotAtAll, Not at all | PMI_DontKnow, Don't know | PMI_PreferNotToAnswer, Prefer not to answer",,,,[electronicsmoking_electricsmokeparticipant] = 'ElectricSmokeParticipant_Yes',,LV,,,,
COPE,"May, June, July",audit_c_1,covid19_participant_experience_cope_survey,,radio,"In the past month:
 How often do you have a drink containing alcohol?","COPE_A_120, Never | COPE_A_125, Monthly or less | COPE_A_167, 2-4 times a month | COPE_A_89, 2-3 times a week | COPE_A_16, 4 or more times a week",,,,,,LV,,,,
Personal Medical History,,endocrine_rxmedsfortype1diabetes,personal_medical_history,,radio,Are you currently prescribed medications and/or receiving treatment for type 1 diabetes?,"RxMedsforType1Diabetes_Yes, Yes | RxMedsforType1Diabetes_No, No",,,,[endocrine_endocrineconditions(EndocrineConditions_Type1Diabetes)] = '1',,,,,,
Personal Medical History,,circulatory_howoldwereyoucongestiveheartfailure,personal_medical_history,,radio,About how old were you when you were first told you had congestive heart failure?,"HowOldWereYouCongestiveHeartFailure_Child, Child (0-11) | HowOldWereYouCongestiveHeartFailure_Adolescent, Adolescent (12-17) | HowOldWereYouCongestiveHeartFailure_Adult, Adult (18-64) | HowOldWereYouCongestiveHeartFailure_OlderAdult, Older adult (65-74) | HowOldWereYouCongestiveHeartFailure_Elderly, Elderly (75+)",,,,[circulatory_circulatoryconditions(CirculatoryConditions_CongestiveHeartFailure)] = '1',,,,,,
Family Health History,,cancercondition_endocrinecancer_yes,family_health_history,,checkbox,Who in your family has had endocrine cancer? Select all that apply.,"MotherCancerCondition_EndocrineCancer, Mother | FatherCancerCondition_EndocrineCancer, Father | SiblingCancerCondition_EndocrineCancer, Sibling | DaughterCancerCondition_EndocrineCancer, Daughter | SonCancerCondition_EndocrineCancer, Son | GrandparentCancerCondition_EndocrineCancer, Grandparent",,,,[diagnosedhealthcondition_cancercondition(CancerCondition_EndocrineCancer)] = '1',,,,,,
Personal and Family Health Hist,,othermentalhealthsubstanceuse_fatherfreetextbox,personal_and_family_health_history,,text,Please specify the other mental health or substance use condition(s) your father has had.,,,,,[mentalcondition_othermentalhealthsubstanceuse_yes(fathermentalcondition_othermentalhealthsubstanceus)] = '1',,,,,REGISTERED_QUESTION_SUPPRESSED,CONTROLLED_QUESTION_SUPPRESSED
COPE,"May, June, July",tsu_ds5_13_xx8,covid19_participant_experience_cope_survey,,radio,How often did you use prescription sedatives or prescription sleeping pills?,"COPE_A_201, Only a few times | COPE_A_18, 1-3 times per month | COPE_A_174, 1-5 times per week | COPE_A_107, Daily",,,,[tsu_ds5_13_xx(COPE_A_221)] = '1',,LV,,,,
Social Determinants of Health,,ips_7,social_determinants_of_health_english,,radio,The crime rate in my neighborhood makes it unsafe to go on walks at night. Would you say that you...,"SDOH_5, Strongly disagree | SDOH_6, Somewhat disagree | SDOH_7, Somewhat agree | SDOH_1, Strongly agree | PMI_DontKnow, Don't know/Not sure",,,,,,,,,,
Personal Medical History,,digestive_rxmedsforacidreflux,personal_medical_history,,radio,Are you currently prescribed medications and/or receiving treatment for acid reflux?,"RxMedsforAcidReflux_Yes, Yes | RxMedsforAcidReflux_No, No",,,,[digestive_digestivesystemconditions(DigestiveSystemConditions_AcidReflux)] = '1',,,,,,
Lifestyle,,smoking_averagedailycigarettenumber,lifestyle,,text,Number of cigarettes per day:,,integer,1,99,[smoking_averagedailycigarette] = 'smoking_averagedailycigarette_enternumber',,LV,,,,
COPE,"May, June, July",basics_12,covid19_participant_experience_cope_survey,,checkbox,What is your current employment status? Select all that apply.,"COPE_A_106, Employed for wages (part- time or full-time) | COPE_A_186, Self-employed | COPE_A_153, Out of work for 1 year or more | COPE_A_61, Out of work for less than 1 year | COPE_A_142, A homemaker | COPE_A_50, A student | COPE_A_196, Retired | COPE_A_128, Unable to work (disabled) | COPE_A_30, Prefer not to answer",,,,,,LV,REGISTERED_ANSWERS_BUCKETED,"Generalized into the following categories: ""Employed for wages or self‐employed"", ""Not currently employed for wages"", ""Prefer not to answer (COPE_A_30)"", and No answer (PMI_SKIP)",REGISTERED_ANSWERS_BUCKETED,
Lifestyle,,cigarsmoking_cigarsmokeparticipant,lifestyle,,radio,"Have you ever smoked a traditional cigar, cigarillo, or filtered cigar, even one or two puffs?","CigarSmokeParticipant_Yes, Yes | CigarSmokeParticipant_No, No | PMI_DontKnow, Don't know | PMI_PreferNotToAnswer, Prefer not to answer",,,,,,LV,,,,
COPE,"May, June, July",audit_c_2,covid19_participant_experience_cope_survey,,radio,"In the past month:
 How many standard drinks containing alcohol do you have on a typical day?","COPE_A_4, 1 or 2 | COPE_A_23, 3 or 4 | COPE_A_51, 5 or 6 | COPE_A_172, 7 to 9 | COPE_A_6, 10 or more",,,,[audit_c_1] = 'COPE_A_125' or [audit_c_1] = 'COPE_A_167' or [audit_c_1] = 'COPE_A_89' or [audit_c_1] = 'COPE_A_16',,LV,,,,
Personal Medical History,,endocrine_type2diabetescurrently,personal_medical_history,,radio,Are you still seeing a doctor or health care provider for type 2 diabetes?,"Type2DiabetesCurrently_Yes, Yes | Type2DiabetesCurrently_No, No",,,,[endocrine_endocrineconditions(EndocrineConditions_Type2Diabetes)] = '1',,,,,,
Personal Medical History,,circulatory_rxmedsforcongestiveheartfailure,personal_medical_history,,radio,Are you currently prescribed medications and/or receiving treatment for congestive heart failure?,"RxMedsforCongestiveHeartFailure_Yes, Yes | RxMedsforCongestiveHeartFailure_No, No",,,,[circulatory_circulatoryconditions(CirculatoryConditions_CongestiveHeartFailure)] = '1',,,,,,
Family Health History,,cancercondition_endometrialcancer_yes,family_health_history,,checkbox,Who in your family has had endometrial cancer? Select all that apply.,"MotherCancerCondition_EndometrialCancer, Mother | SiblingCancerCondition_EndometrialCancer, Sibling | DaughterCancerCondition_EndometrialCancer, Daughter | GrandparentCancerCondition_EndometrialCancer, Grandparent",,,,[diagnosedhealthcondition_cancercondition(CancerCondition_EndometrialCancer)] = '1',,,,,,
Personal and Family Health Hist,,othermentalhealthsubstanceuse_siblingfreetextbox,personal_and_family_health_history,,text,Please specify the other mental health or substance use condition(s) your sibling(s) has had.,,,,,[mentalcondition_othermentalhealthsubstanceuse_yes(siblingmentalcondition_othermentalhealthsubstanceu)] = '1',,,,,REGISTERED_QUESTION_SUPPRESSED,CONTROLLED_QUESTION_SUPPRESSED
Social Determinants of Health,,ips_16,social_determinants_of_health_english,,radio,The crime rate in my neighborhood makes it unsafe to go on walks during the day. Would you say that you...,"SDOH_5, Strongly disagree | SDOH_6, Somewhat disagree | SDOH_7, Somewhat agree | SDOH_1, Strongly agree | PMI_DontKnow, Don't know/Not sure",,,,,,,,,,
Personal Medical History,,digestive_rxmedsforbowelobstruction,personal_medical_history,,radio,Are you currently prescribed medications and/or receiving treatment for bowel obstruction?,"RxMedsforBowelObstruction_Yes, Yes | RxMedsforBowelObstruction_No, No",,,,[digestive_digestivesystemconditions(DigestiveSystemConditions_BowelObstruction)] = '1',,,,,,
Lifestyle,,alcohol_averagedailydrinkcount,lifestyle,,radio,"On a typical day when you drink, how many drinks do you have?","AverageDailyDrinkCount_1or2, 1 or 2 | AverageDailyDrinkCount_3or4, 3 or 4 | AverageDailyDrinkCount_5or6, 5 or 6 | AverageDailyDrinkCount_7to9, 7 to 9 | AverageDailyDrinkCount_10orMore, 10 or more | PMI_PreferNotToAnswer, Prefer not to answer",,,,[alcohol_drinkfrequencypastyear] = 'DrinkFrequencyPastYear_MonthlyOrLess' or [alcohol_drinkfrequencypastyear] = 'DrinkFrequencyPastYear_2to4PerMonth' or [alcohol_drinkfrequencypastyear] = 'DrinkFrequencyPastYear_2to3PerWeek' or [alcohol_drinkfrequencypastyear] = 'DrinkFrequencyPastYear_4orMorePerWeek',,LV,,,,
Lifestyle,,cigarsmoking_currentcigarfrequency,lifestyle,,radio,"Do you now smoke a traditional cigar, cigarillo, or filtered cigar...","CurrentCigarFrequency_EveryDay, Every day | CurrentCigarFrequency_SomeDays, Some days | CurrentCigarFrequency_NotAtAll, Not at all | PMI_DontKnow, Don't know | PMI_PreferNotToAnswer, Prefer not to answer",,,,[cigarsmoking_cigarsmokeparticipant] = 'CigarSmokeParticipant_Yes',,LV,,,,
COPE,"May, June, July",audit_c_3,covid19_participant_experience_cope_survey,,radio,"In the past month:
 How often do you have six or more drinks containing alcohol on one occasion?","COPE_A_120, Never | COPE_A_37, Less than monthly | COPE_A_56, Monthly | COPE_A_180, Weekly | COPE_A_103, Daily or almost daily",,,,[audit_c_2] = 'COPE_A_51' or [audit_c_2] = 'COPE_A_172' or [audit_c_2] = 'COPE_A_6',,LV,,,,
Personal Medical History,,endocrine_howoldwereyoutype2diabetes,personal_medical_history,,radio,About how old were you when you were first told you had type 2 diabetes?,"HowOldWereYouType2Diabetes_Child, Child (0-11) | HowOldWereYouType2Diabetes_Adolescent, Adolescent (12-17) | HowOldWereYouType2Diabetes_Adult, Adult (18-64) | HowOldWereYouType2Diabetes_OlderAdult, Older adult (65-74) | HowOldWereYouType2Diabetes_Elderly, Elderly (75+)",,,,[endocrine_endocrineconditions(EndocrineConditions_Type2Diabetes)] = '1',,,,,,
Personal Medical History,,circulatory_coronaryarterycurrently,personal_medical_history,,radio,Are you still seeing a doctor or health care provider for coronary artery/coronary heart disease?,"CoronaryArteryCurrently_Yes, Yes | CoronaryArteryCurrently_No, No",,,,[circulatory_circulatoryconditions(CirculatoryConditions_CoronaryArtery)] = '1',,,,,,
Family Health History,,cancercondition_eyecancer_yes,family_health_history,,checkbox,Who in your family has had eye cancer? Select all that apply.,"MotherCancerCondition_EyeCancer, Mother | FatherCancerCondition_EyeCancer, Father | SiblingCancerCondition_EyeCancer, Sibling | DaughterCancerCondition_EyeCancer, Daughter | SonCancerCondition_EyeCancer, Son | GrandparentCancerCondition_EyeCancer, Grandparent",,,,[diagnosedhealthcondition_cancercondition(CancerCondition_EyeCancer)] = '1',,,,,,
Personal and Family Health Hist,,othermentalhealthsubstanceuse_daughterfreetextbox,personal_and_family_health_history,,text,Please specify the other mental health or substance use condition(s) your daughter(s) has had.,,,,,[mentalcondition_othermentalhealthsubstanceuse_yes(daughtermentalcondition_othermentalhealthsubstance)] = '1',,,,,REGISTERED_QUESTION_SUPPRESSED,CONTROLLED_QUESTION_SUPPRESSED
COPE,May,ipaq_6_cope_a_160,covid19_participant_experience_cope_survey,,text,How much time did you usually spend walking on one of those days (hours per day)?,,number,0,7,[ipaq_5] = 'COPE_A_44',,LV,,,,
Personal Medical History,,digestive_rxmedsforceliacdisease,personal_medical_history,,radio,Are you currently prescribed medications and/or receiving treatment for celiac disease?,"RxMedsforCeliacDisease_Yes, Yes | RxMedsforCeliacDisease_No, No",,,,[digestive_digestivesystemconditions(DigestiveSystemConditions_CeliacDisease)] = '1',,,,,,
Overall Health,,overallhealth_averagepain7days,overall_health,,slider,"In the past 7 days, how would you rate your pain on average? ",0 (No pain) |  | 10 (Worst pain imaginable),number,,,,,RH,,,,
Lifestyle,,hookahsmoking_hookahsmokeparticipant,lifestyle,,radio,"Have you ever smoked tobacco in a hookah, even one or two puffs? ","HookahSmokeParticipant_Yes, Yes | HookahSmokeParticipant_No, No | PMI_DontKnow, Don't know | PMI_PreferNotToAnswer, Prefer not to answer",,,,,,LV,,,,
Personal Medical History,,endocrine_rxmedsfortype2diabetes,personal_medical_history,,radio,Are you currently prescribed medications and/or receiving treatment for type 2 diabetes?,"RxMedsforType2Diabetes_Yes, Yes | RxMedsforType2Diabetes_No, No",,,,[endocrine_endocrineconditions(EndocrineConditions_Type2Diabetes)] = '1',,,,,,
Personal Medical History,,circulatory_howoldwereyoucoronaryartery,personal_medical_history,,radio,About how old were you when you were first told you had coronary artery/coronary heart disease?,"HowOldWereYouCoronaryArtery_Child, Child (0-11) | HowOldWereYouCoronaryArtery_Adolescent, Adolescent (12-17) | HowOldWereYouCoronaryArtery_Adult, Adult (18-64) | HowOldWereYouCoronaryArtery_OlderAdult, Older adult (65-74) | HowOldWereYouCoronaryArtery_Elderly, Elderly (75+)",,,,[circulatory_circulatoryconditions(CirculatoryConditions_CoronaryArtery)] = '1',,,,,,
Family Health History,,cancercondition_headneckcancer_yes,family_health_history,,checkbox,Who in your family has had head and neck cancer? Select all that apply.,"MotherCancerCondition_HeadNeckCancer, Mother | FatherCancerCondition_HeadNeckCancer, Father | SiblingCancerCondition_HeadNeckCancer, Sibling | DaughterCancerCondition_HeadNeckCancer, Daughter | SonCancerCondition_HeadNeckCancer, Son | GrandparentCancerCondition_HeadNeckCancer, Grandparent",,,,[diagnosedhealthcondition_cancercondition(CancerCondition_HeadNeckCancer)] = '1',,,,,,
Personal and Family Health Hist,,othermentalhealthsubstanceuse_sonfreetextbox,personal_and_family_health_history,,text,Please specify the other mental health or substance use condition(s) your son(s) has had.,,,,,[mentalcondition_othermentalhealthsubstanceuse_yes(SonMentalCondition_OtherMentalHealthSubstanceUse)] = '1',,,,,REGISTERED_QUESTION_SUPPRESSED,CONTROLLED_QUESTION_SUPPRESSED
COPE,May,ipaq_6_cope_a_85,covid19_participant_experience_cope_survey,,text,How much time did you usually spend walking on one of those days (minutes per day)?,,number,0,59,[ipaq_5] = 'COPE_A_44',,LV,,,,
