table,name,valueType,unit,label:en,question:en,comment:en,value_encoding
Tracking_Baseline_v4-1,SEX_ASK_TRM,text,,Sex,Are you male or female?,,M=Male|F=Female
Tracking_Baseline_v4-1,CR2_GNDR_TRM,text,,Gender of person who provided most non-professional assistance,Is the person who provided the most assistance male or female?,Selected variable is part of a skip pattern. Please refer to the questionnaire for complete skip pattern details.,1=Male|2=Female
Tracking_Baseline_v4-1,AGE_NMBR_TRM,integer,,Age (years),What is your age?,Calculated: Date of interview less reported Date of Birth. The few cases of ages outside the study population range (45-85) are due to time lapse issues between the initial recruitment stage and the actual date the interview was completed.,
Tracking_Baseline_v4-1,CR2_DEVC_LG_TRM,text,,"Used leg braces, supportive devices","During the past 12 months, have you used any of the following assistive devices?",,1=Yes|0=No
Tracking_Baseline_v4-1,SDC_ETHN_CA_TRM,text,,Parental ethnic background Canadian,To which ethnic or cultural groups did your ancestors belong?,,1=Yes|0=No
Tracking_Baseline_v4-1,ED_ELHS_TRM,text,,Education highest elementary or high school grade,What is the highest grade of elementary or high school you have ever completed?,,1=Grade 8 or lower (Québec: Secondary II or lower)|2=Grade 9 - 10 (Québec: Secondary III or IV; Newfoundland and Labrador; 1st year of Secondary)|3=Grade 11 - 13 (Québec: Secondary V; Newfoundland and Labrador: 2nd to 4th year of Secondary)
Tracking_Baseline_v4-1,SN_PERWSCH_NB_TRM,decimal,,Number of people known through work or school,"Aside from family members, close friends, and neighbours, about how many other people do you know personally (i.e., by name) through…Work or school?",Maximum allowable is 100.,
Tracking_Baseline_v4-1,FUL_SHLDDG_TRM,text,,Degree of difficulty extending arms above shoulders,"Would you say the degree of difficulty is… a little difficult, somewhat difficult, very difficult?",Selected variable is part of a skip pattern. Please refer to the questionnaire for complete skip pattern details.,1=A little difficult|2=Somewhat difficult|3=Very difficult
Tracking_Baseline_v4-1,RET_STDLIV_TRM,text,,Perceived standard of living before retirement,"Before your retirement, how adequate did you think your household income and investments would be to maintain your standard of living? Would you say they were…",Selected variable is part of a skip pattern. Please refer to the questionnaire for complete skip pattern details.,1=Adequate|2=Barely adequate|3=Inadequate
Tracking_Baseline_v4-1,SDC_MRTL_TRM,text,,Marital/partner status,What is your current marital/partner status?,,"1=Single, never married or never lived with a partner|2=Married/Living with a partner in a common-law relationship|3=Widowed|4=Divorced|5=Separated"
Tracking_Baseline_v4-1,RET_WHY_IN_TRM,text,,Employer incentives contributed to retirement,There are many reasons why people retire. Which of the following reasons contributed to your decision to retire?,Selected variable is part of a skip pattern. Please refer to the questionnaire for complete skip pattern details.,1=Yes|0=No
Tracking_Baseline_v4-1,HCU_PHYSIO_MCQ,text,,"Contact with a physiotherapist, occupational therapist, or chiropractor in past 12 months","During the past 12 months, have you had contact with any of the following about your physical or mental health? - Physiotherapist, occupational therapist, or chiropractor",,
Tracking_Baseline_v4-1,SMK_100CG_TRM,text,,Ever smoked 100 cigarettes or more,Have you smoked at least 100 cigarettes in your life?  (about 4 - 5 packs),,1=Yes|2=No
Comprehensive_Baseline_v7-2,ICQ_SMOKETIME_HOURS_COM,integer,,"Time since last cigarette, cigar or pipe","How many hours since your last cigarette, cigar or pipe?",,
Tracking_Baseline_v4-1,SMK_OTREG_TRM,text,,Ever used other tobacco or nicotine products,"In your lifetime, have you ever used other types of tobacco on a regular basis and for a period of at least six months?",,1=Yes|2=No
Tracking_Baseline_v4-1,ALC_EVER_TRM,text,,Ever alcohol consumption,Have you ever drunk alcohol?,,1=Yes|2=No
Tracking_Baseline_v4-1,ALC_RDWD_NB_TRM,decimal,,Red wine consumed on weekdays  (number of drinks),"In a typical week during the past 12 months, how many drinks of each of the following do you drink on weekdays? Red wine",Selected variable is part of a skip pattern. Please refer to the questionnaire for complete skip pattern details. Maximum allowable is 90.,
Tracking_Baseline_v4-1,HWT_HGHT_TRM,text,,Height range,The next questions are about height and weight...How tall are you without shoes on? ,,"01=Less than 1' / 12"" (less than 29.2 cm)|02=1'0"" to 1'11"" / 12"" to 23"" (29.2 to 59.6 cm)|03=2'0"" to 2'11"" / 24"" to 35"" (59.7 to 90.1 cm)|04=3'0"" to 3'11"" / 36"" to 47"" (90.2 to 120.6 cm)|05=4'0"" to 4'11"" / 48"" to 59"" (120.7 to 151.0 cm)|06=5'0"" to 5'11"" (151.1 to 181.5 cm)|07=6'0"" to 6'11"" (181.6 to 212.0 cm)|08=7'0"" and over (212.1 cm and over)"
Tracking_Baseline_v4-1,HWT_CNWGHT_TRM,text,,Self-perceived weight status,"Do you consider yourself overweight, underweight, or just about right?",,1=Overweight|2=Underweight|3=Just about right
Tracking_Baseline_v4-1,HWT_DBMI_TRM,decimal,,Body Mass Index - self reported,,,
Tracking_Baseline_v4-1,HWT_DISW_TRM,text,,BMI classification (International Standard) - self reported,,,1=Underweight|2=Normal|3=Overweight|4=Obese - class I|5=Obese - class II|6=Obese - class III
Comprehensive_Baseline_v7-2,WHC_EXCL_COM,text,,Test exclusion - Hip-Waist Ratio,,,1=true|0=false
Tracking_Baseline_v4-1,CCT_HBP_TRM,text,,High blood pressure or hypertension,Has a doctor ever told you that you have high blood pressure or hypertension?,,1=Yes|2=No
Tracking_Baseline_v4-1,CCT_DIAB_TRM,text,,"Diabetes, borderline diabetes or high blood sugar","Has a doctor ever told you that you have diabetes, borderline diabetes or that your blood sugar is high?",,1=Yes|2=No
Comprehensive_Baseline_v7-2,BLD_CHOL_COM,decimal,mmol/L,Cholesterol,,,
Tracking_Baseline_v4-1,CCT_HEART_TRM,text,,"Heart disease (including congestive heart failure, or CHF)","Has a doctor ever told you that you have heart disease (including congestive heart failure, or CHF)?",,1=Yes|2=No
Tracking_Baseline_v4-1,CCT_CVA_TRM,text,,Stroke or CVA (cerebrovascular accident),Has a doctor ever told you that you have experienced a Stroke or CVA (cerebrovascular accident)?,,1=Yes|2=No
Tracking_Baseline_v4-1,CCT_CANC_TRM,text,,Cancer,Has a doctor ever told you that you had cancer?,,1=Yes|2=No
Tracking_Baseline_v4-1,CCT_ASTHM_TRM,text,,Asthma,Has a doctor ever told you that you have asthma?,,1=Yes|2=No
Tracking_Baseline_v4-1,DEP_BOTR_TRM,text,,CES-D 10 scale: Frequency easily bothered,How often were you bothered by things that usually don’t bother you?,"Part of the Center for Epidemiologic Studies Short Depression Scale (CES-D 10). Andresen EM, Malmgren JA, Carter WB, Patrick DL. Screening for depression in well older adults: evaluation of a short form of the CES-D (Center for Epidemiologic Studies Depr",1=All of the time (5-7days)|2=Occasionally (3-4 days)|3=Some of the time (1-2 days)|4=Rarely or never (less than 1 day)
Tracking_Baseline_v4-1,CCT_ANXI_TRM,text,,Anxiety disorder,"Has a doctor ever told you that you have an anxiety disorder such as a phobia, obsessive-compulsive disorder or a panic disorder?",,1=Yes|2=No
Tracking_Baseline_v4-1,GEN_MNTL_TRM,text,,Self-rated mental health,"In general, would you say your mental health is excellent, very good, good, fair, or poor?",,1=Excellent|2=Very good|3=Good|4=Fair|5=Poor
Comprehensive_Baseline_v7-2,LSI_ROOM_COM,text,,Been to other rooms of home (excluding bedroom),"During the past four weeks, have you been to other rooms of your home besides the room where you sleep?",,1=Yes|2=No
Tracking_Baseline_v4-1,PA2_SIT_MCQ,text,,PASE scale: Frequency of participation in sitting activities - past 7 days,"Over the past 7 days, how often did you participate in sitting activities such as reading, watching TV, computer activities or doing handicrafts? Would you say...","Part of the Physical Activity Scale for the Elderly (PASE)© 1991 New England Research Institutes (NERI), 9 Galen Street, Watertown, MA 02472.",
Tracking_Baseline_v4-1,FUL_FSTR_TRM,text,,Difficulty walking up and down stairs,Do you have any difficulty walking alone up and down a flight of stairs?,,1=Yes|2=No|3=Unable to do|4=Don't do on doctor's orders
Tracking_Baseline_v4-1,NUR_FRTVEG_MCQ,text,,SCREEN II-AB: Servings fruits and vegetables per day,"In general, how many servings of fruits and vegetables do you eat in a day?","Part of the SCREEN© instrument (Abbreviated version of SCREEN II©) developed by Dr. Heather Keller (University of Guelph, Ontario, Canada)",
Comprehensive_Baseline_v7-2,NUT_VGOT_COM,text,,"Original unit of response - other vegetables (except carrots, potatoes or salad)","How often do you usually eat other vegetables (except carrots, potatoes or salad)?",,0=Rarely/ Never|1=Per Day|2=Per Week|3=Per Month|4=Per Year
Tracking_Baseline_v4-1,HUP_FREE_MCQ,text,,Usually free of pain and discomfort,Are you usually free of pain or discomfort?,,
Tracking_Baseline_v4-1,GEN_HLTH_TRM,text,,Self-rated general health,"In general, would you say your health is excellent, very good, good, fair, or poor?",,1=Excellent|2=Very good|3=Good|4=Fair|5=Poor
Tracking_Baseline_v4-1,RET_WHY_HL_TRM,text,,Health/ disability/ stress contributed to retirement,There are many reasons why people retire. Which of the following reasons contributed to your decision to retire?,Selected variable is part of a skip pattern. Please refer to the questionnaire for complete skip pattern details.,1=Yes|0=No
Tracking_Baseline_v4-1,PKD_EVRMED_MCQ,text,,Other meds or treatment for Parkinson’s Disease - Ever,Have you ever taken any medications or undergone other treatment for Parkinsonism or Parkinson’s Disease?,The Parkinsonism Questionnaire was administered to Tracking Participants in the Maintaining Contact Questionnaire (TMCQ) and to Comprehensive participants in the Data Collection Site Questionnaire (COM),1=Yes|2=NO
Tracking_Baseline_v4-1,SDC_ORTN_TRM,text,,Sexual orientation,Do you consider yourself to be: Heterosexual? Homosexual? Bisexual?,,"1=Heterosexual? (sexual relations with people of the opposite sex)|2=Homosexual, that is lesbian or gay? (sexual relations with people of your own sex)|3=Bisexual? (sexual relations with people of both sexes)"
Tracking_Baseline_v4-1,CAG_GNDR_TRM,text,,Gender of person who participant provided most care giving assistance,Is the person to whom you provided the most assistance male or female?,Selected variable is part of a skip pattern. Please refer to the questionnaire for complete skip pattern details.,1=Male|2=Female
Tracking_Baseline_v4-1,startlanguage_TRM,text,,Language used at start of interview,,,
Tracking_Baseline_v4-1,CR2_DEVC_HD_TRM,text,,Used a hand or arm brace,"During the past 12 months, have you used any of the following assistive devices?",,1=Yes|0=No
Tracking_Baseline_v4-1,SDC_ETHN_FR_TRM,text,,Parental ethnic background French,To which ethnic or cultural groups did your ancestors belong?,,1=Yes|0=No
Tracking_Baseline_v4-1,ED_HSGR_TRM,text,,Education high school graduated,Did you graduate from high school (secondary school)?,Selected variable is part of a skip pattern. Please refer to the questionnaire for complete skip pattern details. Some positive responses are re-coded instances of G.E.D or equivalent reported under the higher education open text variable.,1=Yes|2=No
Comprehensive_Baseline_v7-2,SN_PERWSCH_NB_COM,integer,,Number of people known through work or school,"Aside from family members, close friends, and neighbours, about how many other people do you know personally (i.e., by name) through…Work or school?",Maximum allowable is 100.,
Tracking_Baseline_v4-1,FUL_STOOPDG_TRM,text,,"Degree of difficulty stooping, crouching or kneeling","Would you say the degree of difficulty is… a little difficult, somewhat difficult, very difficult?",Selected variable is part of a skip pattern. Please refer to the questionnaire for complete skip pattern details.,1=A little difficult|2=Somewhat difficult|3=Very difficult
Tracking_Baseline_v4-1,RPL_STDLIV_TRM,text,,Perceived standard of living after retirement,"When you retire, how adequate do you think your household income and investments will be to maintain your standard of living?",,1=Adequate|2=Barely adequate|3=Inadequate
Tracking_Baseline_v4-1,RET_BCKWRK_LP_TRM,text,,Returned to work after change in marital status,Which of the following reasons contributed to your decision to go back to work after you first retired?,Selected variable is part of a skip pattern. Please refer to the questionnaire for complete skip pattern details. Added variable based on open text responses from other reasons contributed to return to work.,1=Yes|0=No
Tracking_Baseline_v4-1,RET_WHY_MD_TRM,text,,Mandatory employer retirement policy contributed to retirement,There are many reasons why people retire. Which of the following reasons contributed to your decision to retire?,Selected variable is part of a skip pattern. Please refer to the questionnaire for complete skip pattern details.,1=Yes|0=No
Tracking_Baseline_v4-1,TRA_MEDTPC_THR_MCQ,text,,Discussed with medical professional: Driving assessment with occupational therapist,Which of the following topics related to your driving did you discuss with the medical professional?,,
Tracking_Baseline_v4-1,SMK_WHLCG_TRM,text,,Ever smoked a whole cigarette,Have you ever smoked a whole cigarette?,Selected variable is part of a skip pattern. Please refer to the questionnaire for complete skip pattern details.,1=Yes|2=No
Tracking_Baseline_v4-1,SMK_TYPEOT_CG_TRM,text,,Ever used cigars,What other types of tobacco products have you ever used on a regular basis and for a period of at least six months?,Selected variable is part of a skip pattern. Please refer to the questionnaire for complete skip pattern details.,1=Yes|0=No
Tracking_Baseline_v4-1,ALC_FREQ_TRM,text,,Frequency alcohol consumption past 12 months,About how often during the past 12 months did you drink alcohol?,Selected variable is part of a skip pattern. Please refer to the questionnaire for complete skip pattern details.,01=Almost every day (incl. 6 times a week)|02=4-5 times a week|03=2-3 times a week|04=Once a week|05=2-3 times a month|06=About once a month|07=Less than once a month|96=Never
Tracking_Baseline_v4-1,ALC_WHWD_NB_TRM,decimal,,White wine consumed on weekdays (number of drinks),"In a typical week during the past 12 months, how many drinks of each of the following do you drink on weekdays? White wine",Selected variable is part of a skip pattern. Please refer to the questionnaire for complete skip pattern details. Maximum allowable is 90.,
Tracking_Baseline_v4-1,HWT_HGHT1_TRM,text,,Height 12'' - 23'',The next questions are about height and weight...How tall are you without shoes on? ,Selected variable is part of a skip pattern. Please refer to the questionnaire for complete skip pattern details.,"01=1'0"" / 12"" (29.2 to 31.7 cm)|02=1'1"" / 13"" (31.8 to 34.2 cm)|03=1'2"" / 14"" (34.3 to 36.7 cm)|04=1'3"" / 15"" (36.8 to 39.3 cm)|05=1'4"" / 16"" (39.4 to 41.8 cm)|06=1'5"" / 17"" (41.9 to 44.4 cm)|07=1'6"" / 18"" (44.5 to 46.9 cm)|08=1'7"" / 19"" (47.0 to 49.4 cm)|09=1'8"" / 20"" (49.5 to 52.0 cm)|10=1'9"" / 21"" (52.1 to 54.5 cm)|11=1'10"" / 22"" (54.6 to 57.1 cm)|12=1'11"" / 23"" (57.2 to 59.6 cm)"
Tracking_Baseline_v4-1,HWT_WGHT_KG_TRM,integer,,Weight (Kg) - self reported,,This is a derived variable. It reflects the participant reported weight in Kilograms. A conversion of (weight/ 2.2) was used for participants who reported their weight in lbs.,
Comprehensive_Baseline_v7-2,HWT_DBMI_COM,decimal,,Body Mass Index,,,
Comprehensive_Baseline_v7-2,WHC_STATUS_COM,text,,HipsWaist measure status,,Only test marked as 'Completed' (Category 1) would have a measure value registered,1=Completed|2=NotApplicable|3=Skipped
Tracking_Baseline_v4-1,CCT_HBPPRG_TRM,text,,High blood pressure while pregnant,Were you pregnant when you were diagnosed with high blood pressure?,Asked to female participants only.,1=Yes|2=No
Comprehensive_Baseline_v7-2,DIA_DIAB_COM,text,,"Diabetes, borderline diabetes or blood sugar is high","Has a doctor ever told you that you have diabetes, borderline diabetes or that your blood sugar is high?",,1=Yes|2=No
Comprehensive_Baseline_v7-2,BLD_CHOL_CMT_COM,text,,Cholesterol - comment,,,
Tracking_Baseline_v4-1,CCT_ANGI_TRM,text,,Angina (or chest pain due to heart disease),Has a doctor ever told you that you have angina (or chest pain due to heart disease)?,,1=Yes|2=No
Tracking_Baseline_v4-1,CCT_TIA_TRM,text,,Mini-stroke or TIA (Transient Ischemic Attack),Has a doctor ever told you that you have experienced a mini-stroke or TIA? (Transient Ischemic Attack)?,,1=Yes|2=No
Tracking_Baseline_v4-1,CCT_CANTP_BR_TRM,text,,Breast cancer,What type(s) of cancer were you diagnosed with?,Selected variable is part of a skip pattern. Please refer to the questionnaire for complete skip pattern details.,1=Yes|0=No
Comprehensive_Baseline_v7-2,CCC_ASTHM_COM,text,,Asthma,Has a doctor ever told you that you have asthma?,,1=Yes|2=No
Tracking_Baseline_v4-1,DEP_MIND_TRM,text,,CES-D 10 scale: Frequency trouble concentrating,How often did you have trouble keeping your mind on what you were doing?,"Part of the Center for Epidemiologic Studies Short Depression Scale (CES-D 10). Andresen EM, Malmgren JA, Carter WB, Patrick DL. Screening for depression in well older adults: evaluation of a short form of the CES-D (Center for Epidemiologic Studies Depr",1=All of the time (5-7days)|2=Occasionally (3-4 days)|3=Some of the time (1-2 days)|4=Rarely or never (less than 1 day)
Comprehensive_Baseline_v7-2,CCC_ANXI_COM,text,,Anxiety disorder,"Has a doctor ever told you that you have an anxiety disorder such as a phobia, obsessive-compulsive disorder or a panic disorder?",Selected variable is part of a skip pattern. Please refer to the questionnaire for complete skip pattern details.,1=Yes|2=No
Tracking_Baseline_v4-1,RET_DUEHLTH_TRM,text,,Type of health issues leading to retirement,"You mentioned that you retired because of your health, stress or disability. Was this due to your physical health, your emotional/mental health, or both?",Selected variable is part of a skip pattern. Please refer to the questionnaire for complete skip pattern details.,1=Physical health|2=Emotional/mental health (including stress)|3=Both physical and emotional/mental health
Comprehensive_Baseline_v7-2,LSI_RMFQ_COM,text,,Frequency been to other rooms of home (excluding bedroom),How often did you get to other rooms of your home besides the room where you sleep?,Selected variable is part of a skip pattern. Please refer to the questionnaire for complete skip pattern details.,1=Less than once per week|2=1 to 3 times per week|3=4 to 6 times per week|4=Daily
Tracking_Baseline_v4-1,PA2_SIT_BIN_MCQ,text,,"PASE scale: Participated in sitting activities - Bingo, cards or other games","What were these activities? DO NOT READ LIST, MULTIPLE RESPONSES ALLOWED, CODE ALL THAT APPLY","Part of the Physical Activity Scale for the Elderly (PASE)© 1991 New England Research Institutes (NERI), 9 Galen Street, Watertown, MA 02472.",
Tracking_Baseline_v4-1,FUL_WK23B_TRM,text,,Difficulty walking 2 to 3 blocks,Do you have any difficulty walking 2 to 3 neighbourhood blocks?,,1=Yes|2=No|3=Unable to do|4=Don't do on doctor's orders
Comprehensive_Baseline_v7-2,NUT_FRUT_COM,text,,Original unit of response - fruit,"How often do you usually eat fruit (fresh, frozen, canned)?",,0=Rarely/ Never|1=Per Day|2=Per Week|3=Per Month|4=Per Year
Comprehensive_Baseline_v7-2,NUT_BTTR_COM,text,,Original unit of response - butter or regular margarine,How often do you usually eat butter or regular margarine on bread or on cooked vegetables only?,,0=Rarely/ Never|1=Per Day|2=Per Week|3=Per Month|4=Per Year
Tracking_Baseline_v4-1,HUP_INTNSTY_MCQ,text,,Usual intensity of pain or discomfort,"How would you describe the usual intensity of your pain or discomfort? Would you say it is mild, moderate, or severe?",,
Comprehensive_Baseline_v7-2,GEN_HLTH_COM,text,,Self-rated general health,"In general, would you say your health is excellent, very good, good, fair, or poor?",,1=Excellent|2=Very good|3=Good|4=Fair|5=Poor
Tracking_Baseline_v4-1,RPL_WHYR_HL_TRM,text,,Health/ disability/ stress an influence to retire,There are many reasons why people retire. Which of the following are likely to be the reasons that you retire?,Selected variable is part of a skip pattern. Please refer to the questionnaire for complete skip pattern details. Added variable based on open text responses from other  likely retirement reasons.,1=Yes|0=No
Tracking_Baseline_v4-1,MED_USEQTY_MCQ,text,,Quantity of prescription medication,In the past month how many prescription medications did you take?,The Medication Use Questionnaire was administered only to participants in the Tracking cohort,1=One|2=Two|3=Three or more
Tracking_Baseline_v4-1,SN_LIVH_M1_S_TRM,text,,Sex of participant - Member 1 in household,RECORD SEX,,F=Female|M=Male
Comprehensive_Baseline_v7-2,CR2_GNDR_COM,text,,Gender of person who provided most non-professional assistance,Is the person who provided the most assistance male or female?,Selected variable is part of a skip pattern. Please refer to the questionnaire for complete skip pattern details.,1=Male|2=Female
Tracking_Baseline_v4-1,SDC_LANG_EN_TRM,text,,Language conversation English,In what languages can you conduct a conversation?,,1=Yes|0=No
Tracking_Baseline_v4-1,CR2_DEVC_NB_TRM,text,,Used neck or back brace,"During the past 12 months, have you used any of the following assistive devices?",Added variable based on open text responses from other assistive devices used.,1=Yes|0=No
Tracking_Baseline_v4-1,SDC_ETHN_EN_TRM,text,,Parental ethnic background English,To which ethnic or cultural groups did your ancestors belong?,,1=Yes|0=No
Tracking_Baseline_v4-1,ED_OTED_TRM,text,,Education other degree,"Have you received any other education that could be counted towards a degree, certificate, or diploma from an educational institution?",,1=Yes|2=No
Tracking_Baseline_v4-1,FUL_PUSHDG_TRM,text,,Degree of difficulty pulling/ pushing large objects,"Would you say the degree of difficulty is… a little difficult, somewhat difficult, very difficult?",Selected variable is part of a skip pattern. Please refer to the questionnaire for complete skip pattern details.,1=A little difficult|2=Somewhat difficult|3=Very difficult
Tracking_Baseline_v4-1,RPL_WHYR_AR_TRM,text,,Adequacy of retirement income an influence to retire,There are many reasons why people retire. Which of the following are likely to be the reasons that you retire?,,1=Yes|0=No
Tracking_Baseline_v4-1,WEA_MRTL_MCQ,text,,Marital status same as baseline,During your last interview you indicated your marital status as <strong><em>{TOKEN:ATTRIBUTE_5}.</em></strong>  Is this still your current marital status?,,
Tracking_Baseline_v4-1,RET_PENSPL_TRM,text,,Contributed to employer pension before retirement,"Before you retired, did you ever contribute to an employer pension plan, other than the Canada pension plan or Quebec pension plan?",Selected variable is part of a skip pattern. Please refer to the questionnaire for complete skip pattern details.,1=Yes|2=No
Tracking_Baseline_v4-1,SMK_CURRCG_TRM,text,,Current frequency cigarettes smoked,"At the present time, do you smoke cigarettes daily, occasionally or not at all?",,"1=Daily (at least one cigarette every day for the past 30 days)|2=Occasionally (at least one cigarette in the past 30 days, but not every day)|3=Not at all (you did not smoke at all in the past 30 days)"
Tracking_Baseline_v4-1,SMK_TYPEOT_SM_TRM,text,,Ever used small cigars,What other types of tobacco products have you ever used on a regular basis and for a period of at least six months?,Selected variable is part of a skip pattern. Please refer to the questionnaire for complete skip pattern details.,1=Yes|0=No
Tracking_Baseline_v4-1,ALC_OTWD_NB_TRM,decimal,,Another kind of alcohol consumed on weekdays (number of drinks),"In a typical week during the past 12 months, how many drinks of each of the following do you drink on weekdays? Other alcohol",Selected variable is part of a skip pattern. Please refer to the questionnaire for complete skip pattern details. Maximum allowable is 90.,
Tracking_Baseline_v4-1,ALC_BRWD_NB_TRM,decimal,,Beer consumed on weekdays (number of drinks),"In a typical week during the past 12 months, how many drinks of each of the following do you drink on weekdays? Beer",Selected variable is part of a skip pattern. Please refer to the questionnaire for complete skip pattern details. Maximum allowable is 90.,
Tracking_Baseline_v4-1,HWT_HGHT2_TRM,text,,Height 24'' - 35'',The next questions are about height and weight...How tall are you without shoes on? ,Selected variable is part of a skip pattern. Please refer to the questionnaire for complete skip pattern details.,"01=2'0"" / 24"" (59.7 to 62.1 cm)|02=2'1"" / 25"" (62.2 to 64.7 cm)|03=2'2"" / 26"" (64.8 to 67.2 cm)|04=2'3"" / 27"" (67.3 to 69.8 cm)|05=2'4"" / 28"" (69.9 to 72.3 cm)|06=2'5"" / 29"" (72.4 to 74.8 cm)|07=2'6"" / 30"" (74.9 to 77.4 cm)|08=2'7"" / 31"" (77.5 to 79.9 cm)|09=2'8"" / 32"" (80.0 to 82.5 cm)|10=2'9"" / 33"" (82.6 to 85.0 cm)|11=2'10"" / 34"" (85.1 to 87.5 cm)|12=2'11"" / 35"" (87.6 to 90.1 cm)"
Tracking_Baseline_v4-1,HWT_DWT_K_TRM,decimal,,Weight (Kilograms) - self-reported,,,
Comprehensive_Baseline_v7-2,DXA_WBC_WATER_LBM_COM,decimal,,Assumed % of the lean body mass that is water,,,
Comprehensive_Baseline_v7-2,WHC_CLTHLAYERS_COM,text,,Waist measurement taken directly on skin or over layer(s) of clothing,,,1=on skin|2=over one layer of clothing|3=over two layers of clothing
Tracking_Baseline_v4-1,CCT_HBPOT_TRM,text,,High blood pressure other than when pregnant,"Other than when you were pregnant, was there any other time when you were diagnosed with high blood pressure?",Selected variable is part of a skip pattern. Please refer to the questionnaire for complete skip pattern details.,1=Yes|2=No|8=[DO NOT READ] Don't know/No answer
Comprehensive_Baseline_v7-2,DIA_TYPE_COM,text,,Type of diabetes,Were you diagnosed with:,,1=Type I|2=Type II|3=Neither
Tracking_Baseline_v4-1,CCT_AMI_TRM,text,,Heart attack or myocardial infarction,Has a doctor ever told you that you have had a heart attack or myocardial infarction?,,1=Yes|2=No
Tracking_Baseline_v4-1,CCT_CVAFX_TRM,text,,"Suffer from effects of a stroke, or CVA , ministroke or TIA","Has a doctor ever told you that you suffer from the effects of a stroke, or CVA (cerebrovascular accident), ministroke or TIA (Transient Ischemic Attack)?",Selected variable is part of a skip pattern. Please refer to the questionnaire for complete skip pattern details.,1=Yes|2=No
Tracking_Baseline_v4-1,CCT_CANTP_COL_TRM,text,,Colorectal cancer,What type(s) of cancer were you diagnosed with?,Selected variable is part of a skip pattern. Please refer to the questionnaire for complete skip pattern details.,1=Yes|0=No
Tracking_Baseline_v4-1,DEP_FLDP_TRM,text,,CES-D 10 scale: Frequency feel depressed,How often did you feel depressed?,"Part of the Center for Epidemiologic Studies Short Depression Scale (CES-D 10). Andresen EM, Malmgren JA, Carter WB, Patrick DL. Screening for depression in well older adults: evaluation of a short form of the CES-D (Center for Epidemiologic Studies Depr",1=All of the time (5-7days)|2=Occasionally (3-4 days)|3=Some of the time (1-2 days)|4=Rarely or never (less than 1 day)
Tracking_Baseline_v4-1,GEN_DMHI_TRM,text,,Perceived Mental Health,,,0=Poor|1=Fair|2=Good|3=Very Good|4=Excellent
Comprehensive_Baseline_v7-2,LSI_RMAID_COM,text,,Used aids  or needed help to get to other rooms of home (excluding bedroom),"Did you use aids or equipment, or need help from another person to get to other rooms of your home besides the room where you sleep?",Selected variable is part of a skip pattern. Please refer to the questionnaire for complete skip pattern details.,"1=Yes, personal assistance|2=Yes, equipment only|3=No"
Tracking_Baseline_v4-1,PA2_SIT_COM_MCQ,text,,PASE scale: Participated in sitting activities - Computer activities,"What were these activities? DO NOT READ LIST, MULTIPLE RESPONSES ALLOWED, CODE ALL THAT APPLY","Part of the Physical Activity Scale for the Elderly (PASE)© 1991 New England Research Institutes (NERI), 9 Galen Street, Watertown, MA 02472.",
Tracking_Baseline_v4-1,ADL_ABLWK_TRM,text,,OARS scale: Able to walk,Can you walk without help?,"Part of the Older Americans Resources and Services (OARS) Multidimensional Assessment scale. Fillenbaum GG, Smyer MA. The development, validity, and reliability of the OARS multidimensional functional assessment questionnaire. J Gerontol 1981; 36(4):428-",1=Yes|2=No
Comprehensive_Baseline_v7-2,NUT_FRUT_NB_COM,decimal,,Frequency of consumption (times per day) of fruit,"How often do you usually eat fruit (fresh, frozen, canned)?","This is a derived variable. It reflects the frequency of food item consumption based on the number of reported times per DAY. Conversions of (times/ 365), (times/ 7) & (times/ 30) were used for participants who reported frequencies in years, weeks and mon",
Comprehensive_Baseline_v7-2,NUT_VGOT_NB_COM,decimal,,"Frequency of consumption (times per day) of other vegetables (except carrots, potatoes or salad)","How often do you usually eat other vegetables (except carrots, potatoes or salad)?","This is a derived variable. It reflects the frequency of food item consumption based on the number of reported times per DAY. Conversions of (times/ 365), (times/ 7) & (times/ 30) were used for participants who reported frequencies in years, weeks and mon",
Tracking_Baseline_v4-1,HUP_PRVACT_MCQ,text,,Activities prevented by pain or discomfort,"How many activities does your pain or discomfort prevent? Would you say none, a few, some, or most?",,
Comprehensive_Baseline_v7-2,RET_WHY_HL_COM,text,,Health/ disability/ stress contributed to retirement,There are many reasons why people retire. Which of the following reasons contributed to your decision to retire?,Selected variable is part of a skip pattern. Please refer to the questionnaire for complete skip pattern details.,1=Yes|0=No
Tracking_Baseline_v4-1,TRA_MEDTPC_MED_MCQ,text,,Discussed with medical professional: Safety related to prescription medication,Which of the following topics related to your driving did you discuss with the medical professional?,,
Tracking_Baseline_v4-1,SN_LIVH_M2_S_TRM,text,,Sex of member in household - Member 2,What is the sex of person #2?,,M=Male|F=Female
Comprehensive_Baseline_v7-2,CAG_GNDR_COM,text,,Gender of person who participant provided most care giving assistance,Is the person to whom you provided the most assistance male or female?,Selected variable is part of a skip pattern. Please refer to the questionnaire for complete skip pattern details.,1=Male|2=Female
Tracking_Baseline_v4-1,SDC_LANG_FR_TRM,text,,Language conversation French,In what languages can you conduct a conversation?,,1=Yes|0=No
Comprehensive_Baseline_v7-2,CR2_DEVC_LG_COM,text,,"Used leg braces, supportive devices","During the past 12 months, have you used any of the following assistive devices?",,1=Yes|0=No
Tracking_Baseline_v4-1,SDC_ETHN_DE_TRM,text,,Parental ethnic background German,To which ethnic or cultural groups did your ancestors belong?,,1=Yes|0=No
Tracking_Baseline_v4-1,ED_HIGH_TRM,text,,Education highest degree,"What is the highest degree, certificate, or diploma you have obtained?",Selected variable is part of a skip pattern. Please refer to the questionnaire for complete skip pattern details. Includes re-coded higher education responses from the original open text variable.,"01=No post-secondary degree, certificate, or diploma|02=Trade certificate or diploma from a vocational school or apprenticeship training|03=Non-university certificate or diploma from a community college, CEGEP, school of nursing, etc.|04=University certificate below bachelor’s level|05=Bachelor’s degree|06=University degree or certificate above bachelor’s degree|97=Other (please specify)"
Tracking_Baseline_v4-1,FUL_LFT10DG_TRM,text,,Degree of difficulty lifting 10 pounds,"Would you say the degree of difficulty is… a little difficult, somewhat difficult, very difficult?",Selected variable is part of a skip pattern. Please refer to the questionnaire for complete skip pattern details.,1=A little difficult|2=Somewhat difficult|3=Very difficult
Tracking_Baseline_v4-1,RPL_INFSP_SI_TRM,text,,Spouse or partner's income an influence to retire,Sometimes people’s reasons for retirement are influenced by their spouse or partner. Which of the following will likely influence your retirement?,,1=Yes|0=No
Tracking_Baseline_v4-1,WEA_MRTL_CHANGE_MCQ,text,,Marital status change from baseline,What is your current marital/partner status?,,
Tracking_Baseline_v4-1,RET_WKSAME_TRM,text,,Returned to work for same or different employer,Was this for the same employer or for a different employer as prior to retirement?,Selected variable is part of a skip pattern. Please refer to the questionnaire for complete skip pattern details.,1=For the same employer|2=For a different employer|3=For yourself or your own business
Tracking_Baseline_v4-1,SMK_NBCG_TRM,text,,Current number of cigarettes smoked per day,How many cigarettes do you smoke each day now?,Selected variable is part of a skip pattern. Please refer to the questionnaire for complete skip pattern details.,1=1-5 cigarettes|2=6-10 cigarettes|3=11-15 cigarettes|4=16-20 cigarettes|5=21-25 cigarettes|6=26+ cigarettes
Tracking_Baseline_v4-1,SMK_TYPEOT_PI_TRM,text,,Ever used tobacco pipes,What other types of tobacco products have you ever used on a regular basis and for a period of at least six months?,Selected variable is part of a skip pattern. Please refer to the questionnaire for complete skip pattern details.,1=Yes|0=No
Tracking_Baseline_v4-1,ALC_OTWE_NB_TRM,decimal,,Another kind of alcohol consumed on weekends (number of drinks),"In a typical week during the past 12 months, how many drinks of each of the following do you drink on the weekend? Other alcohol",Selected variable is part of a skip pattern. Please refer to the questionnaire for complete skip pattern details. Maximum allowable is 90.,
Tracking_Baseline_v4-1,ALC_LQWD_NB_TRM,decimal,,Liquors consumed on weekdays (number of drinks),"In a typical week during the past 12 months, how many drinks of each of the following do you drink on weekdays? Liquor",Selected variable is part of a skip pattern. Please refer to the questionnaire for complete skip pattern details. Maximum allowable is 90.,
Tracking_Baseline_v4-1,HWT_HGHT3_TRM,text,,Height 36'' - 47'',The next questions are about height and weight...How tall are you without shoes on? ,Selected variable is part of a skip pattern. Please refer to the questionnaire for complete skip pattern details.,"01=3'0"" / 36"" (90.2 to 92.6 cm)|02=3'1"" / 37"" (92.7 to 95.2 cm)|03=3'2"" / 38"" (95.3 to 97.7 cm.)|04=3'3"" / 39"" (97.8 to 100.2 cm)|05=3'4"" / 40"" (100.3 to 102.8 cm)|06=3'5"" / 41"" (102.9 to 105.3 cm)|07=3'6"" / 42"" (105.4 to 107.9 cm)|08=3'7"" / 43"" (108.0 to 110.4 cm)|09=3'8"" / 44"" (110.5 to 112.9 cm)|10=3'9"" / 45"" (113.0 to 115.5 cm)|11=3'10"" / 46"" (115.6 to 118.0 cm)|12=3'11"" / 47"" (118.1 to 120.6 cm)"
Tracking_Baseline_v4-1,NUR_GLSWT_MCQ,text,,"SCREEN II-AB: Gained, lost or stayed the same weight","Compared with 6 months ago, have you gained weight, lost weight, or stayed about the same?","Part of the SCREEN© instrument (Abbreviated version of SCREEN II©) developed by Dr. Heather Keller (University of Guelph, Ontario, Canada)",
Comprehensive_Baseline_v7-2,DXA_OI_WATER_LBM_COM,decimal,,Assumed % of the lean body mass that is water,,,
Comprehensive_Baseline_v7-2,WHC_WAIST_CM_COM,decimal,cm,Waist circumference in cm,,,
Comprehensive_Baseline_v7-2,BP_STATUS_COM,text,,Blood Pressure test status,,Only test marked as 'Completed' (Category 1) would have a test timing registered,1=Completed|2=NotApplicable|3=Skipped
Comprehensive_Baseline_v7-2,DIA_PRGDIA_COM,text,,"Diabetes, borderline diabetes or high blood sugar when pregnant","When you were pregnant, did the doctor tell you that you had diabetes, borderline diabetes or high blood sugar?",,1=Yes|2=No
Comprehensive_Baseline_v7-2,CCC_HEART_COM,text,,"Heart disease (including congestive heart failure, or CHF)","Has a doctor ever told you that you have heart disease (including congestive heart failure, or CHF)?",,1=Yes|2=No
Comprehensive_Baseline_v7-2,CCC_CVA_COM,text,,Stroke or CVA,Has a doctor ever told you that you have experienced a Stroke or CVA? (cerebrovascular accident)?,,1=Yes|2=No
Tracking_Baseline_v4-1,CCT_CANTP_SM_TRM,text,,Skin cancer: melanoma,What type(s) of cancer were you diagnosed with?,Selected variable is part of a skip pattern. Please refer to the questionnaire for complete skip pattern details.,1=Yes|0=No
Tracking_Baseline_v4-1,DEP_FFRT_TRM,text,,CES-D 10 scale: Frequency feel everything is an effort,How often did you feel that everything you did was an effort?,"Part of the Center for Epidemiologic Studies Short Depression Scale (CES-D 10). Andresen EM, Malmgren JA, Carter WB, Patrick DL. Screening for depression in well older adults: evaluation of a short form of the CES-D (Center for Epidemiologic Studies Depr",1=All of the time (5-7days)|2=Occasionally (3-4 days)|3=Some of the time (1-2 days)|4=Rarely or never (less than 1 day)
Tracking_Baseline_v4-1,HCU_FAMPHY_MCQ,text,,"Contact with a general practitioner, family physician in past 12 months","During the past 12 months, have you had contact with any of the following about your physical or mental health? - General practitioner, family physician",,
Comprehensive_Baseline_v7-2,SLE_QLTY_COM,text,,Satisfaction with current sleep pattern,How satisfied or dissatisfied are you with your current sleep pattern?,,1=Very Satisfied|2=Satisfied|3=Neutral|4=Dissatisfied|5=Very Dissatisfied
Tracking_Baseline_v4-1,PA2_SIT_CRO_MCQ,text,,"PASE scale: Participated in sitting activities - Crosswords, puzzles, etc.","What were these activities? DO NOT READ LIST, MULTIPLE RESPONSES ALLOWED, CODE ALL THAT APPLY","Part of the Physical Activity Scale for the Elderly (PASE)© 1991 New England Research Institutes (NERI), 9 Galen Street, Watertown, MA 02472.",
Tracking_Baseline_v4-1,ADL_HPWK_TRM,text,,OARS scale: Able to walk with help,"Can you walk with some help from a person, or with the use of a walker or crutches, etc.?","Selected variable is part of a skip pattern. Please refer to the questionnaire for complete skip pattern details.
Part of the Older Americans Resources and Services (OARS) Multidimensional Assessment scale. Fillenbaum GG, Smyer MA. The development, validi",1=Yes|2=No
Comprehensive_Baseline_v7-2,NUT_BTTR_NB_COM,decimal,,Frequency of consumption (times per day) of butter or regular margarine,How often do you usually eat butter or regular margarine on bread or on cooked vegetables only?,"This is a derived variable. It reflects the frequency of food item consumption based on the number of reported times per DAY. Conversions of (times/ 365), (times/ 7) & (times/ 30) were used for participants who reported frequencies in years, weeks and mon",
Tracking_Baseline_v4-1,ORH_EXP_JJP_MCQ,text,,Oral health problems - Jaw joints painful,In the past 12 months have you experienced any of the following?,,
Tracking_Baseline_v4-1,TRA_MEDTPC_HRB_MCQ,text,,Discussed with medical professional: Safety related to non-prescription medication,Which of the following topics related to your driving did you discuss with the medical professional?,,
Tracking_Baseline_v4-1,SN_LIVH_M3_S_TRM,text,,Sex of member in household - Member 3,What is the sex of person #3?,,F=Female|M=Male
Tracking_Baseline_v4-1,SDC_LANG_AR_TRM,text,,Language conversation Arabic,In what languages can you conduct a conversation?,,1=Yes|0=No
Comprehensive_Baseline_v7-2,CR2_DEVC_HD_COM,text,,Used a hand or arm brace,"During the past 12 months, have you used any of the following assistive devices?",,1=Yes|0=No
Tracking_Baseline_v4-1,SDC_ETHN_GD_TRM,text,,Parental ethnic background Scottish,To which ethnic or cultural groups did your ancestors belong?,,1=Yes|0=No
Tracking_Baseline_v4-1,ED_HIGH_OTSP_TRM,text,,"Education highest degree other, Specify","What is the highest degree, certificate, or diploma you have obtained?",,
Tracking_Baseline_v4-1,FUL_HDLGDG_TRM,text,,Degree of difficulty handling small objects,"Would you say the degree of difficulty is… a little difficult, somewhat difficult, very difficult?",Selected variable is part of a skip pattern. Please refer to the questionnaire for complete skip pattern details.,1=A little difficult|2=Somewhat difficult|3=Very difficult
Tracking_Baseline_v4-1,INC_SRCE_SE_TRM,text,,Household income from self-employment,"Thinking about the total income for all household members, from which of the following sources did your household receive any income in the past 12 months?",,1=Yes|0=No
Comprehensive_Baseline_v7-2,SDC_MRTL_COM,text,,Marital/partner status,What is your current marital/partner status?,,"1=Single, never married or never lived with a partner|2=Married/Living with a partner in a common-law relationship|3=Widowed|4=Divorced|5=Separated"
Tracking_Baseline_v4-1,LFP_LGPAY_TRM,text,,"Paid, unpaid, self-employed in the longest job","Now I would like you to think back over your entire career to the job that you worked the longest. In the job you worked the longest, were you a paid employee, self-employed, or an unpaid family worker?",Selected variable is part of a skip pattern. Please refer to the questionnaire for complete skip pattern details.,1=A paid employee|2=Self-employed|3=Unpaid family worker
Tracking_Baseline_v4-1,SMK_NBCG_NB_TRM,decimal,,"Current number of cigarettes smoked per day, more than 26","How many cigarettes do you smoke each day now? If 26 +, how many?",Selected variable is part of a skip pattern. Please refer to the questionnaire for complete skip pattern details. Maximum allowable is 75.,
Tracking_Baseline_v4-1,SMK_TYPEOT_CH_TRM,text,,Ever used chewing tobacco or snuff,What other types of tobacco products have you ever used on a regular basis and for a period of at least six months?,Selected variable is part of a skip pattern. Please refer to the questionnaire for complete skip pattern details.,1=Yes|0=No
Tracking_Baseline_v4-1,ALC_MLFQ_TRM,text,,Binge drinking male,About how often during the past 12 months would you say you had five or more drinks at the same sitting or occasion? (asked if male),Selected variable is part of a skip pattern. Please refer to the questionnaire for complete skip pattern details. Applicable to male participants who drank alcohol during the past 12 months.,01=Almost every day (incl. 6 times a week)|02=4-5 times a week|03=2-3 times a week|04=Once a week|05=2-3 times a month|06=About once a month|07=Less than once a month|96=Never
Tracking_Baseline_v4-1,ALC_RDWE_NB_TRM,decimal,,Red wine consumed on weekends (number of drinks),"In a typical week during the past 12 months, how many drinks of each of the following do you drink on the weekend? Red wine",Selected variable is part of a skip pattern. Please refer to the questionnaire for complete skip pattern details. Maximum allowable is 90.,
Tracking_Baseline_v4-1,HWT_HGHT4_TRM,text,,"Height 48'' - 59""",The next questions are about height and weight...How tall are you without shoes on? ,Selected variable is part of a skip pattern. Please refer to the questionnaire for complete skip pattern details.,"01=4'0"" / 48"" (120.7 to 123.1 cm)|02=4'1"" / 49"" (123.2 to 125.6 cm)|03=4'2"" / 50"" (125.7 to 128.2 cm)|04=4'3"" / 51"" (128.3 to 130.7 cm)|05=4'4"" / 52"" (130.8 to 133.3 cm)|06=4'5"" / 53"" (133.4 to 135.8 cm)|07=4'6"" / 54"" (135.9 to 138.3 cm)|08=4'7"" / 55"" (138.4 to 140.9 cm)|09=4'8"" / 56"" (141.0 to 143.4 cm)|10=4'9"" / 57"" (143.5 to 146.0 cm)|11=4'10"" / 58"" (146.1 to 148.5 cm)|12=4'11"" / 59"" (148.6 to 151.0 cm)"
Tracking_Baseline_v4-1,NUR_WTGL_MCQ,text,,SCREEN II-AB: How much weight gained or lost,How much weight did you lose/gain in the past 6 months?,"Part of the SCREEN© instrument (Abbreviated version of SCREEN II©) developed by Dr. Heather Keller (University of Guelph, Ontario, Canada)",
Comprehensive_Baseline_v7-2,DXA_OI_TOTAL_PERCENT_FAT_COM,decimal,,% of total body mass that is fat,,,
Comprehensive_Baseline_v7-2,WHC_RATIO_COM,decimal,,Waist to hip ratio,,,
Comprehensive_Baseline_v7-2,BP_SYSTOLIC_FIRST_COM,integer,mmHg,First systolic blood pressure reading,,,
Comprehensive_Baseline_v7-2,DIA_MED_COM,text,,Taking medication for diabetes,Are you currently taking medication for diabetes?,,1=Yes|2=No
Comprehensive_Baseline_v7-2,CCC_ANGI_COM,text,,angina,Has a doctor ever told you that you have angina (or chest pain due to heart disease)?,,1=Yes|2=No
Comprehensive_Baseline_v7-2,STR_MED_COM,text,,Taking medication for stroke,Are you currently taking medications for stroke?,,1=Yes|2=No
Tracking_Baseline_v4-1,CCT_CANTP_SNM_TRM,text,,Skin cancer: non-melanoma,What type(s) of cancer were you diagnosed with?,Selected variable is part of a skip pattern. Please refer to the questionnaire for complete skip pattern details.,1=Yes|0=No
Tracking_Baseline_v4-1,DEP_HPFL_TRM,text,,CES-D 10 scale: Frequency feel hopeful about the future,How often did you feel hopeful about the future?,"Part of the Center for Epidemiologic Studies Short Depression Scale (CES-D 10). Andresen EM, Malmgren JA, Carter WB, Patrick DL. Screening for depression in well older adults: evaluation of a short form of the CES-D (Center for Epidemiologic Studies Depr",1=All of the time (5-7days)|2=Occasionally (3-4 days)|3=Some of the time (1-2 days)|4=Rarely or never (less than 1 day)
Tracking_Baseline_v4-1,HCU_SPEC_MCQ,text,,"Contact with a medical specialist (such as a cardiologist, gynaecologist, psychiatrist) in past 12 months","During the past 12 months, have you had contact with any of the following about your physical or mental health? - Medical specialist (such as a cardiologist, gynaecologist, psychiatrist)",,
Comprehensive_Baseline_v7-2,SLE_30MIN_COM,text,,Required more than 30 min to fall asleep,"Over the last month, how often did it take you more than 30 minutes to fall asleep?",,1=Never|2=Less than once per week|3=Once or twice a week|4=3-5 times/week|5=6-7 times/week
Tracking_Baseline_v4-1,PA2_SIT_HAN_MCQ,text,,PASE scale: Participated in sitting activities - Handicrafts,"What were these activities? DO NOT READ LIST, MULTIPLE RESPONSES ALLOWED, CODE ALL THAT APPLY","Part of the Physical Activity Scale for the Elderly (PASE)© 1991 New England Research Institutes (NERI), 9 Galen Street, Watertown, MA 02472.",
Tracking_Baseline_v4-1,ADL_UNWK_TRM,text,,OARS scale: Unable to walk,Are you completely unable to walk?,"Selected variable is part of a skip pattern. Please refer to the questionnaire for complete skip pattern details.
Part of the Older Americans Resources and Services (OARS) Multidimensional Assessment scale. Fillenbaum GG, Smyer MA. The development, validi",1=Yes|2=No
Tracking_Baseline_v4-1,NUR_SWLLFD_MCQ,text,,"SCREEN II-AB: Cough, choke pain when swallowing food","In general, how often do you cough, choke, or have pain when swallowing food or fluid? Would you say...","Part of the SCREEN© instrument (Abbreviated version of SCREEN II©) developed by Dr. Heather Keller (University of Guelph, Ontario, Canada)",
Comprehensive_Baseline_v7-2,MEDI_NO_COM,text,,Number of medications taken by participant,,,
Tracking_Baseline_v4-1,SN_LIVH_M4_S_TRM,text,,Sex of member in household - Member 4,What is the sex of person #4?,,M=Male|F=Female
Tracking_Baseline_v4-1,SDC_LANG_CN_TRM,text,,Language conversation Cantonese,In what languages can you conduct a conversation?,,1=Yes|0=No
Comprehensive_Baseline_v7-2,CR2_DEVC_NB_COM,text,,Used neck or back brace,"During the past 12 months, have you used any of the following assistive devices?",Added variable based on open text responses from other assistive devices used.,1=Yes|0=No
Tracking_Baseline_v4-1,SDC_ETHN_GA_TRM,text,,Parental ethnic background Irish,To which ethnic or cultural groups did your ancestors belong?,,1=Yes|0=No
Tracking_Baseline_v4-1,SPA_EDUC_TRM,text,,Frequency of participation in educational or cultural activities (past 12 months),"In the past 12 months, how often did you participate in Educational and cultural activities involving other people such as attending courses, concerts, plays, or visiting museums?",,1=At least once a day|2=At least once a week|3=At least once a month|4=At least once a year|5=Never
Tracking_Baseline_v4-1,FUL_ST15DG_TRM,text,,Degree of difficulty standing for a long period,"Would you say the degree of difficulty is… a little difficult, somewhat difficult, very difficult?",Selected variable is part of a skip pattern. Please refer to the questionnaire for complete skip pattern details.,1=A little difficult|2=Somewhat difficult|3=Very difficult
Tracking_Baseline_v4-1,INC_SRCE_IN_TRM,text,,Household dividends and interest,"Thinking about the total income for all household members, from which of the following sources did your household receive any income in the past 12 months?",,1=Yes|0=No
Tracking_Baseline_v4-1,LBF_CURR_TRM,text,,Currently working,"Are you currently working at a job or business?  This includes part-time jobs, seasonal work, contract work, self-employment, or any other paid work regardless of the number of hours worked.",Selected variable is part of a skip pattern. Please refer to the questionnaire for complete skip pattern details.,1=Yes|2=No
Tracking_Baseline_v4-1,SMK_YRDL_NB_TRM,decimal,,"Total years of daily cigarette consumption, smoker",For how many total years have you smoked daily?,Selected variable is part of a skip pattern. Please refer to the questionnaire for complete skip pattern details.,
Tracking_Baseline_v4-1,SMK_TYPEOT_PT_TRM,text,,Ever used nicotine patches,What other types of tobacco products have you ever used on a regular basis and for a period of at least six months?,Selected variable is part of a skip pattern. Please refer to the questionnaire for complete skip pattern details.,1=Yes|0=No
Tracking_Baseline_v4-1,ALC_FMFQ_TRM,text,,Binge drinking female,About how often during the past 12 months would you say you had four or more drinks at the same sitting or occasion? (asked if female),Selected variable is part of a skip pattern. Please refer to the questionnaire for complete skip pattern details. Applicable to female participants who drank alcohol during the past 12 months.,01=Almost every day (incl. 6 times a week)|02=4-5 times a week|03=2-3 times a week|04=Once a week|05=2-3 times a month|06=About once a month|07=Less than once a month|96=Never
Tracking_Baseline_v4-1,ALC_WHWE_NB_TRM,decimal,,White wine consumed on weekends (number of drinks),"In a typical week during the past 12 months, how many drinks of each of the following do you drink on the weekend? White wine",Selected variable is part of a skip pattern. Please refer to the questionnaire for complete skip pattern details. Maximum allowable is 90.,
Tracking_Baseline_v4-1,HWT_HGHT5_TRM,text,,Height 60'' - 71'',The next questions are about height and weight...How tall are you without shoes on? ,Selected variable is part of a skip pattern. Please refer to the questionnaire for complete skip pattern details.,"01=5'0"" (151.1 to 153.6 cm)|02=5'1"" (153.7 to 156.1 cm)|03=5'2"" (156.2 to 158.7 cm)|04=5'3"" (158.8 to 161.2 cm)|05=5'4"" (161.3 to 163.7 cm)|06=5'5"" (163.8 to 166.3 cm)|07=5'6"" (166.4 to 168.8 cm)|08=5'7"" (168.9 to 171.4 cm)|09=5'8"" (171.5 to 173.9 cm)|10=5'9"" (174.0 to 176.4 cm)|11=5'10"" (176.5 to 179.0 cm)|12=5'11"" (179.1 to 181.5 cm)"
Tracking_Baseline_v4-1,PA2_EXER_MCQ,text,,PASE scale: Frequency exercising to increase muscle strength and endurance - past 7 days,"Over the past 7 days, how often did you do any exercises specifically to increase muscle strength and endurance, such as lifting weights or push-ups, etc.?","Part of the Physical Activity Scale for the Elderly (PASE)© 1991 New England Research Institutes (NERI), 9 Galen Street, Watertown, MA 02472.",
Comprehensive_Baseline_v7-2,DXA_AGC_WATER_LBM_COM,decimal,,Assumed % of the lean body mass that is water.,,,
Comprehensive_Baseline_v7-2,BP_DIASTOLIC_FIRST_COM,integer,mmHg,First diastolic blood pressure reading,,,
Comprehensive_Baseline_v7-2,DIA_MEDCUR_COM,text,,Currently taking drugs for diabetes,Are you currently taking these drugs for diabetes?,,1=YES|0=NO
Comprehensive_Baseline_v7-2,CCC_AMI_COM,text,,Heart attack or myocardial infarction,Has a doctor ever told you that you have had a heart attack or myocardial infarction?,,1=Yes|2=No
Comprehensive_Baseline_v7-2,STR_MEDCUR_COM,text,,Currently taking drugs for stroke,Are you currently taking these drugs for your stroke?,,1=YES|0=NO
Tracking_Baseline_v4-1,CCT_CANTP_BL_TRM,text,,Bladder cancer,What type(s) of cancer were you diagnosed with?,Selected variable is part of a skip pattern. Please refer to the questionnaire for complete skip pattern details.,1=Yes|0=No
Tracking_Baseline_v4-1,DEP_FRFL_TRM,text,,CES-D 10 scale: Frequency feel fearful or tearful,How often did you feel fearful or tearful? ,"Part of the Center for Epidemiologic Studies Short Depression Scale (CES-D 10). Andresen EM, Malmgren JA, Carter WB, Patrick DL. Screening for depression in well older adults: evaluation of a short form of the CES-D (Center for Epidemiologic Studies Depr",1=All of the time (5-7days)|2=Occasionally (3-4 days)|3=Some of the time (1-2 days)|4=Rarely or never (less than 1 day)
Tracking_Baseline_v4-1,HCU_PSYCH_MCQ,text,,Contact with a psychologist in past 12 months,"During the past 12 months, have you had contact with any of the following about your physical or mental health? - Psychologist",,
Comprehensive_Baseline_v7-2,SLE_30DUR_NB_COM,decimal,,Duration of having trouble going to sleep (years),For how long have you had this trouble going to sleep?,Selected variable is part of a skip pattern. Please refer to the questionnaire for complete skip pattern details. This is a derived variable. It reflects the reported duration of having trouble going to sleep in Years. Conversions of (duration/ 52) & (dur,
Tracking_Baseline_v4-1,PA2_SIT_LIS_MCQ,text,,PASE scale: Participated in sitting activities - Listening to radio/music,"What were these activities? DO NOT READ LIST, MULTIPLE RESPONSES ALLOWED, CODE ALL THAT APPLY","Part of the Physical Activity Scale for the Elderly (PASE)© 1991 New England Research Institutes (NERI), 9 Galen Street, Watertown, MA 02472.",
Tracking_Baseline_v4-1,IAL_ABLTRV_TRM,text,,OARS scale: Able to travel,"Can you get to places out of walking distance without help (i.e., you drive your own car, or travel alone on buses, or taxis)?","Part of the Older Americans Resources and Services (OARS) Multidimensional Assessment scale. Fillenbaum GG, Smyer MA. The development, validity, and reliability of the OARS multidimensional functional assessment questionnaire. J Gerontol 1981; 36(4):428-",1=Yes|2=No
Comprehensive_Baseline_v7-2,ROS_PAIN_COM,text,,WHO Rose - Chest pain or discomfort,Have you ever had any pain or discomfort in your chest?,Selected variable is part of a skip pattern. Please refer to the questionnaire for complete skip pattern details.,1=Yes|2=No
Comprehensive_Baseline_v7-2,MEDI_FRM_1_COM,text,,DIN coding source - Medication 1,,,I=In home interviewer using onyx database for DINs|C=Computer algorithm provided the DIN or NPN: C- Coded manually by coders|AC=Computer algorithm provided the DIN or NPN: AC- Code algorithm|AD=Computer algorithm provided the DIN or NPN: AD- Direct algorithm
