variable_name,dataset,description,data_type,units,value_encoding,n_codes,dbgap_variable_id,dbgap_study
shbg1,MESA_AncilMesaSexHormone,SEX HORMONE BINDING GLOBULIN,NUMERIC,nmoI/L,,,phv00090187.v2,phs000209.v13
gender1,MESA_AirNRExam5Main,GENDER,NUMERIC,,0=FEMALE|1=MALE,2,phv00174586.v1,phs000209.v13
age5,MESA_AirNRExam5Main,Q3) HOW OLD ARE YOU?,NUMERIC,,0=MISSED BY >3 YEARS|1=MISSED BY 1-3 YEARS|2=CORRECT|9=NOT ATT/DISABLED,4,phv00174655.v1,phs000209.v13
race1c,MESA_AirNRExam5Main,RACE / ETHNICITY,NUMERIC,,"1=WHITE, CAUCASIAN|2=CHINESE AMERICAN|3=BLACK, AFRICAN-AMERICAN|4=HISPANIC",4,phv00174585.v1,phs000209.v13
educ1,MESA_AirNRExamMain,EDUCATION: HIGHEST LEVEL COMPLETED,NUMERIC,,0=NO SCHOOLING|1=GRADES 1-8|2=GRADES 9-11|3=COMPLETED HIGH SCHOOL/GED|4=SOME COLLEGE BUT NO DEGREE|5=TECHNICAL SCHOOL CERTIFICATE|6=ASSOCIATE DEGREE|7=BACHELOR'S DEGREE|8=GRADUATE OR PROFESSIONAL SCHOOL,9,phv00083223.v1,phs000209.v13
naschl1,MESA_AirNRExamMain,"SCHOOLS, COLLEGES, OR COMMUNITY CENTERS WITH RECREATIONAL FACILITIES FREE AND OPEN TO PUBLIC",NUMERIC,,0=NO|1=YES|9=DO NOT KNOW/UNKNOWN,3,phv00083183.v1,phs000209.v13
kdstrel5,MESA_AirNRExam5Main,KIDNEY STONE: FIRST DEGREE RELATIVES HAVING STONES,NUMERIC,,0=NO|1=YES|9=DO NOT KNOW / UNKNOWN,3,phv00175311.v1,phs000209.v13
income5,MESA_AirNRExam5Main,TOTAL GROSS FAMILY INCOME,NUMERIC,,"1=< $5000|2=$5000 - $7999|3=$8000 - $11999|4=$12000 - $15999|5=$16000 - $19999|6=$20000 - $24999|7=$25000 - $29999|8=$30000 - $34999|9=$35000 - $39999|10=$40000 - $49999|11=$50000 - $74999|12=$75000 - $99999|13=$100,000 - $124,999|14=$125,000 - $149,999|15=$150,000 OR MORE",15,phv00175446.v1,phs000209.v13
marital5,MESA_AirNRExam5Main,MARITAL STATUS,NUMERIC,,1=MARRIED / LIVING WITH PARTNER|2=WIDOWED|3=DIVORCED|4=SEPARATED|5=NEVER MARRIED|6=PREFER NOT TO ANSWER,6,phv00175227.v1,phs000209.v13
curmar3,MESA_Exam3Main,ARE YOU CURRENTLY MARRIED OR LIVING WITH A PARTNER?,NUMERIC,,0=NO|1=YES,2,phv00086331.v2,phs000209.v13
empstat5,MESA_AirNRExam5Main,EMPLOYMENT STATUS AT EXAM 5,NUMERIC,,0=NO|1=YES,2,phv00175413.v1,phs000209.v13
curjob5,MESA_AirNRExam5Main,CURRENT OCCUPATION,NUMERIC,,1=HOMEMAKER|2=EMPLOYED FULL TIME|3=EMPLOYED PART TIME|4=EMPLOYED ON-LEAVE (HEALTH)|5=EMPLOYED ON-LEAVE (NON-HEALTH)|6=UNEMPLOYED < 6 MONTHS|7=UNEMPLOYED > 6 MONTHS|8=RETIRED NOT WORKING|9=RETIRED WORKING|10=RETIRED VOLUNTEERING,10,phv00175414.v1,phs000209.v13
avcday5,MESA_AirNRExam5Main,CIGARETTES SMOKED PER DAY,NUMERIC,,,,phv00175429.v1,phs000209.v13
qsmkdya4,MESA_AirNRSpirometry,CIGARETTES PER DAY,NUMERIC,,,,phv00083578.v1,phs000209.v13
chew1,MESA_AirNRExamMain,CHEWED TOBACCO AT LEAST 20 TIMES IN LIFETIME,NUMERIC,,0=NO|1=YES,2,phv00083264.v1,phs000209.v13
curalc5,MESA_AirNRExam5Main,PRESENTLY DRINK ALCOHOL,NUMERIC,,0=NO|1=YES,2,phv00175423.v1,phs000209.v13
liqwk5,MESA_AirNRExam5Main,LIQUOR OR MIXED DRINKS PER WEEK,NUMERIC,,,,phv00175427.v1,phs000209.v13
htcm5,MESA_AirNRExam5Main,HEIGHT (cm),NUMERIC,cm,,,phv00174630.v1,phs000209.v13
bcswtkg5,MESA_AirNRExam5Main,BODY COMPOSITION SCALE: CURRENT BODY WEIGHT (kg),NUMERIC,kg,,,phv00174637.v1,phs000209.v13
bmi5c,MESA_AirNRExam5Main,BODY MASS INDEX (kg/m^2),NUMERIC,kg/m^2,,,phv00174644.v1,phs000209.v13
ctbmi5,MESA_AirNRExam5Main,BMI AT CT,NUMERIC,,,,phv00174746.v1,phs000209.v13
waistcm5,MESA_AirNRExam5Main,WAIST CIRCUMFERENCE (cm),NUMERIC,cm,,,phv00174634.v1,phs000209.v13
dbp5c,MESA_AirNRExam5Main,SEATED DIASTOLIC BLOOD PRESSURE (mmHg),NUMERIC,mmHg,,,phv00175602.v1,phs000209.v13
s1bp5,MESA_AirNRExam5Main,SEATED BP: SYSTOLIC 1ST READING (mmHg),NUMERIC,mmHg,,,phv00175587.v1,phs000209.v13
d1bp5,MESA_AirNRExam5Main,SEATED BP: DIASTOLIC 1ST READING (mmHg),NUMERIC,mmHg,,,phv00175588.v1,phs000209.v13
htn5c,MESA_AirNRExam5Main,"HYPERTENSION BY JNC VI (1997) CRITERIA, EXAM 5",NUMERIC,,0=NO|1=YES,2,phv00174605.v1,phs000209.v13
dbhxtyp5,MESA_AirNRExam5Main,DIABETES: TYPE OF MEDICATION,NUMERIC,,1=PILLS|2=INSULIN|3=INSULIN AND PILLS|4=OTHER INJECTIONS,4,phv00175293.v1,phs000209.v13
gluccmt5,MESA_AirNRExam5Main,FASTING GLUCOSE LAB COMMENTS,STRING,,,,phv00175247.v1,phs000209.v13
chlcat5c,MESA_AirNRExam5Main,"TOTAL CHOLESTEROL, NCEP CATEGORIES",NUMERIC,,"1=DESIRABLE, <200|2=BORDERLINE HIGH, 200 - 239|3=HIGH, 240+",3,phv00175253.v1,phs000209.v13
atrialrt5,MESA_AirNRExam5Main,"HEART RATE, ATRIAL",NUMERIC,,,,phv00174882.v1,phs000209.v13
rvsv1,MESA_AncilMesaRVFunction,PHASE 1: RV STROKE VOLUME (mL),NUMERIC,mL,,,phv00160631.v1,phs000209.v13
bloodcn1,MESA_AirNRExamMain,BLOOD CANCER,NUMERIC,,0=NO|1=YES|9=DO NOT KNOW,3,phv00082983.v1,phs000209.v13
asthma5,MESA_AirNRExam5Main,ASTHMA: SELF-REPORT,NUMERIC,,0=NO|1=YES|9=DO NOT KNOW / UNKNOWN,3,phv00175295.v1,phs000209.v13
cesd5c,MESA_AirNRExam5Main,"CES-D CENTER FOR EPIDEMIOLOGICAL STUDIES, DEPRESSION SCALE",NUMERIC,,,,phv00175236.v1,phs000209.v13
splanx1c,MESA_Exam1Main,SPIELBERGER TRAIT ANXIETY SCALE,NUMERIC,,,,phv00084792.v2,phs000209.v13
badslp5,MESA_AirNRExam5Main,SLEEP WAS RESTLESS,NUMERIC,,1=RARELY OR NONE OF THE TIME|2=SOME OR LITTLE OF THE TIME|3=MODERATE AMOUNT OF TIME|4=MOST OF THE TIME,4,phv00175217.v1,phs000209.v13
pamcm5c,MESA_AirNRExam5Main,MODERATE PHYSICAL ACTIVITY TOTAL (MET-MIN/WK M-SU),NUMERIC,MET-Min/Wk,,,phv00175581.v1,phs000209.v13
exercm5c,MESA_AirNRExam5Main,TOTAL INTENTIONAL EXERCISE (Q9-15) MET (MIN/WK),NUMERIC,Min/Wk,,,phv00175579.v1,phs000209.v13
hilwalk5,MESA_AirNRExam5Main,MORE BREATHLESS WALKING UP HILLS OR STEPS,NUMERIC,,0=NO|1=YES|9=DO NOT KNOW / UNKNOWN,3,phv00175259.v1,phs000209.v13
dash_sodium1,MESA_AncilMesaNeighborScalesSodiumExam1,DASH Diet score including sodium (0-9 points),Numeric,,,,phv00196370.v1,phs000209.v13
nfruit5,MESA_AirNRExam5Main,LARGE SELECTION OF FRESH FRUITS/VEGETABLES IS AVAILABLE IN NEIGHBORHOOD,NUMERIC,,1=STRONGLY AGREE|2=AGREE|3=NEUTRAL|4=DISAGREE|5=STRONGLY DISAGREE,5,phv00175194.v1,phs000209.v13
fgvcrucifer5c,MESA_exam5dietnutrients,FOOD GROUP 22 : CRUCIFEROUS VEGETABLES,NUMERIC,,,,phv00218788.v1,phs000209.v13
lpcalf5,MESA_AirNRExam5Main,PAIN OCCURS IN WHAT PORTION OF LEG,NUMERIC,,1=PAIN INCLUDES CALF / CALVES|2=PAIN DOES NOT INCLUDE CALF / CALVES,2,phv00175263.v1,phs000209.v13
apsy5c,MESA_AirNRExam5Main,ANTI-PSYCHOTIC MEDICATIONS,NUMERIC,,0=NO|1=YES,2,phv00175341.v1,phs000209.v13
ESP_sex_selfreport,MESA_ESP_HeartGO_Subject_Phenotypes,Values: Male; Female,String,,=Female|=Male,2,phv00178026.v1,phs000403.v3
cacq1c,MESA_Exam1Main,"AGE, GENDER, RACE-ADJUSTED QUANTILES OF CAC SCORE (MCCLELLAND, CIRCULATION 2006), BETWEEN PRCACGT0 AND 1",NUMERIC,,,,phv00084542.v2,phs000209.v13
age5c,MESA_AirNRExam5Main,AGE AT EXAM 5,NUMERIC,years,,,phv00174588.v1,phs000209.v13
racegrp,MESA_AncilMesaLungA1AT,RACE GROUP,String,,,,phv00175967.v1,phs000209.v13
educ_minhs1,MESA_AncilMesaNeighborScalesExam1,% 25+ with minimum High School education,Numeric,,,,phv00218174.v1,phs000209.v13
educf,MESA_FamilyExamMain,HIGHEST DEGREE OR LEVEL OF SCHOOL COMPLETED,NUMERIC,,0=NO SCHOOLING|1=GRADES 1-8|2=GRADES 9-11|3=COMPLETED HIGH SCHOOL/GED|4=SOME COLLEGE BUT NO DEGREE|5=TECHNICAL SCHOOL CERTIFICATE|6=ASSOCIATE DEGREE|7=BACHELOR'S DEGREE|8=GRADUATE OR PROFESSIONAL SCHOOL,9,phv00087235.v1,phs000209.v13
major7a5,MESA_AirNRExam5Main,ONE OF THE FOLLOWING: MOBITZ TYPE II <OR> PARTIAL (SECOND DEGREE) A-V BLOCK <OR> WENCKEBACH'S PHENOMENON <OR> COMPLETE (THIRD DEGREE) A-V BLOCK,STRING,,,,phv00175082.v1,phs000209.v13
nhhldc5,MESA_AirNRExam5Main,# CHILDREN SUPPORTED BY FAMILY INCOME,NUMERIC,,,,phv00175448.v1,phs000209.v13
marital1,MESA_AirNRExamMain,MARITAL STATUS,NUMERIC,,1=MARRIED/LIVING AS MARRIED|2=WIDOWED|3=DIVORCED|4=SEPARATED|5=NEVER MARRIED|6=PREFER NOT TO ANSWER,6,phv00083222.v1,phs000209.v13
curmar4,MESA_Exam4Main,ARE YOU CURRENTLY MARRIED OR LIVING WITH A PARTNER?,NUMERIC,,0=NO|1=YES,2,phv00086817.v2,phs000209.v13
lempla4,MESA_AirNRSpirometry,EMPLOYMENT STATUS,NUMERIC,,"1=HOMEMAKER|2=FULL TIME JOB|3=PART TIME JOB|4=EMPLOYED BUT ON LEAVE FOR HEALTH REASONS|5=EMPLOYED BUT ON LEAVE FOR OTHER REASONS|6=UNEMPLOYED < 6 MONTHS|7=UNEMPLOYED > 6 MONTHS|8=RETIRED, NOT WORKING|9=RETIRED BUT WORKING|10=RETIRED BUT VOLUNTEERING",10,phv00083490.v1,phs000209.v13
curjob1,MESA_AirNRExamMain,CURRENT OCCUPATION,NUMERIC,,1=HOMEMAKER|2=EMPLOYED FULL TIME|3=EMPLOYED PART TIME|4=EMPLOYED ON-LEAVE (HEALTH)|5=EMPLOYED ON-LEAVE (NON-HEALTH)|6=UNEMPLOYED < 6 MONTHS|7=UNEMPLOYED > 6 MONTHS|8=RETIRED NOT WORKING|9=RETIRED WORKING|10=RETIRED VOLUNTEERING,10,phv00083224.v1,phs000209.v13
avcinh5,MESA_AirNRExam5Main,INHALED CIGARETTE SMOKE,NUMERIC,,0=NOT AT ALL|1=SLIGHTLY|2=MODERATELY|3=DEEPLY,4,phv00175430.v1,phs000209.v13
qsmkhra4,MESA_AirNRSpirometry,HOURS BEFORE 1ST CIGARETTE,NUMERIC,,,,phv00083579.v1,phs000209.v13
chew1c,MESA_AirNRExamMain,CHEWING TOBACCO USE,NUMERIC,,0=NEVER|1=FORMER|2=CURRENT,3,phv00083262.v1,phs000209.v13
alc1c,MESA_AirNRExamMain,ALCOHOL USE,NUMERIC,,0=NEVER|1=FORMER|2=CURRENT,3,phv00083277.v1,phs000209.v13
alc24hr1,MESA_AirNRExamMain,DRINKS IN PAST 24 HOURS (CURRENT DRINKERS),NUMERIC,,,,phv00083295.v1,phs000209.v13
htmodp5,MESA_AirNRExam5Main,"HEIGHT, PROTOCOL MODIFICATION?",NUMERIC,,0=NO|1=YES,2,phv00174631.v1,phs000209.v13
ctwtlb5,MESA_AirNRExam5Main,WEIGHT AT CT,NUMERIC,lbs,,,phv00174745.v1,phs000209.v13
bmicat5c,MESA_AirNRExam5Main,"BODY MASS INDEX, WHO CATEGORIES",NUMERIC,,1=NORMAL|2=GRADE 1 OVERWEIGHT|3=GRADE 2 OVERWEIGHT|4=GRADE 3 OVERWEIGHT,4,phv00174645.v1,phs000209.v13
lbmia4,MESA_AirNRSpirometry,BMI,NUMERIC,,,,phv00083481.v2,phs000209.v13
waistcm1,MESA_AirNRExamMain,WAIST CIRCUMFERENCE (cm),NUMERIC,cm,,,phv00082687.v1,phs000209.v13
sbp5c,MESA_AirNRExam5Main,SEATED SYSTOLIC BLOOD PRESSURE (mmHg),NUMERIC,mmHg,,,phv00175601.v1,phs000209.v13
s2bp5,MESA_AirNRExam5Main,SEATED BP: SYSTOLIC 2ND READING (mmHg),NUMERIC,mmHg,,,phv00175591.v1,phs000209.v13
d2bp5,MESA_AirNRExam5Main,SEATED BP: DIASTOLIC 2ND READING (mmHg),NUMERIC,mmHg,,,phv00175592.v1,phs000209.v13
htnmed5c,MESA_AirNRExam5Main,ANY HYPERTENSION MEDICATION,NUMERIC,,0=NO|1=YES,2,phv00175410.v1,phs000209.v13
diab5,MESA_AirNRExam5Main,DIABETES: DEVELOPED SINCE LAST MESA VISIT,NUMERIC,,0=NO|1=YES|9=DO NOT KNOW / UNKNOWN,3,phv00175291.v1,phs000209.v13
glucose5,MESA_AirNRExam5Main,FASTING GLUCOSE (mg/dl),NUMERIC,mg/dl,,,phv00175240.v1,phs000209.v13
chol5,MESA_AirNRExam5Main,TOTAL CHOLESTEROL (mg/dl),NUMERIC,mg/dl,,,phv00175242.v1,phs000209.v13
ecgnum5,MESA_AirNRExam5Main,TOTAL # ECGS USED IN HEART RATE VARIABILITY ANALYSIS / BASELINE SEQ ID OF COMPAR REC FOR SERIAL ANALYSIS,NUMERIC,,,,phv00175115.v1,phs000209.v13
rvsv2,MESA_AncilMesaRVFunction,PHASE 2: RV STROKE VOLUME (mL),NUMERIC,mL,,,phv00160684.v1,phs000209.v13
brstcn1,MESA_AirNRExamMain,BREAST CANCER,NUMERIC,,0=NO|1=YES|9=DO NOT KNOW,3,phv00082979.v1,phs000209.v13
istrd5c,MESA_AirNRExam5Main,INHALED STEROIDS FOR ASTHMA,NUMERIC,,0=NO|1=YES,2,phv00175368.v1,phs000209.v13
depress5,MESA_AirNRExam5Main,FELT DEPRESSED,NUMERIC,,1=RARELY OR NONE OF THE TIME|2=SOME OR LITTLE OF THE TIME|3=MODERATE AMOUNT OF TIME|4=MOST OF THE TIME,4,phv00175212.v1,phs000209.v13
splanx3c,MESA_Exam3Main,SPIELBERGER TRAIT ANXIETY SCALE,NUMERIC,,,,phv00086395.v2,phs000209.v13
eatans5,MESA_AirNRExam5Main,Q15C) EATING AND SLEEPING ARE BOTH... ? (SPECIFY),STRING,,,,phv00174694.v1,phs000209.v13
pamvcm5c,MESA_AirNRExam5Main,MODERATE AND VIGOROUS PHYSICAL ACTIVITY TOTAL (MET-MIN/WK M-SU),NUMERIC,MET-Min/Wk,,,phv00175583.v1,phs000209.v13
nexer5,MESA_AirNRExam5Main,OFTEN SEE OTHER PEOPLE EXERCISE IN NEIGHBORHOOD,NUMERIC,,1=STRONGLY AGREE|2=AGREE|3=NEUTRAL|4=DISAGREE|5=STRONGLY DISAGREE,5,phv00175203.v1,phs000209.v13
legpain5,MESA_AirNRExam5Main,PAIN IN LEG OR BUTTOCK WHILE WALKING,NUMERIC,,0=NO|1=YES,2,phv00175261.v1,phs000209.v13
addqaddsalt5,MESA_exam5dietnutrients,ADDED DIET QU : ADD TABLE SALT,NUMERIC,,0=DOES NOT EAT THE FOOD|1=SELDOM OR NEVER|2=SOMETIMES|3=OFTEN OR ALWAYS,4,phv00218716.v1,phs000209.v13
nhqveg5,MESA_AirNRExam5Main,FRESH FRUITS AND VEGETABLES IN NEIGHBORHOOD ARE OF HIGH QUALITY,NUMERIC,,1=STRONGLY AGREE|2=AGREE|3=NEUTRAL|4=DISAGREE|5=STRONGLY DISAGREE,5,phv00175196.v1,phs000209.v13
fgvdyellow5c,MESA_exam5dietnutrients,FOOD GROUP 23 : DARK YELLOW VEGETABLES,NUMERIC,,,,phv00218789.v1,phs000209.v13
lploc5,MESA_AirNRExam5Main,ON WHAT SIDE IS LEG PAIN PREDOMINANT,NUMERIC,,1=RIGHT SIDE|2=LEFT SIDE|3=BOTH LEGS,3,phv00175270.v1,phs000209.v13
gout5c,MESA_AirNRExam5Main,ANY GOUT MEDICATIONS,NUMERIC,,0=NO|1=YES,2,phv00175361.v1,phs000209.v13
fhxsex2,MESA_Exam2FamilyHx,SEX INDICATOR OF FAMILY MEMBER,NUMERIC,,-9=MISSING|0=FEMALE|1=MALE,3,phv00085754.v3,phs000209.v13
prcacgt01c,MESA_Exam1Main,"AGE, GENDER, RACE-ADJUSTED PROBABILITY OF A NON-ZERO CALCIUM SCORE (MCCLELLAND, CIRCULATION 2006)",NUMERIC,,,,phv00084543.v2,phs000209.v13
ageans5,MESA_AirNRExam5Main,Q3) HOW OLD ARE YOU? (PPT RESPONSE),NUMERIC,,,,phv00174654.v1,phs000209.v13
race_blacknh1,MESA_AncilMesaNeighborScalesExam1,% black non-hispanic,Numeric,,,,phv00218173.v1,phs000209.v13
educ_minhs2,MESA_AncilMesaNeighborScalesExam2,% 25+ with minimum High School education,Numeric,,,,phv00218202.v1,phs000209.v13
major7b5,MESA_AirNRExam5Main,COMPLETE (THIRD DEGREE) A-V BLOCK,STRING,,,,phv00175083.v1,phs000209.v13
nhhlde5,MESA_AirNRExam5Main,# ADULTS > 65 SUPPORTED BY FAMILY INCOME,NUMERIC,,,,phv00175449.v1,phs000209.v13
maritalf,MESA_FamilyExamMain,MARITAL STATUS,NUMERIC,,1=MARRIED/LIVING AS MARRIED|2=WIDOWED|3=DIVORCED|4=SEPARATED|5=NEVER MARRIED|6=PREFER NOT TO ANSWER,6,phv00087234.v1,phs000209.v13
empstat2,MESA_Exam2Main,HAS EMPLOYMENT STATUS CHANGED SINCE EXAM 1,NUMERIC,,0=NO|1=YES,2,phv00086084.v2,phs000209.v13
curjob2,MESA_Exam2Main,CURRENT OCCUPATION,NUMERIC,,1=HOMEMAKER|2=EMPLOYED FULL TIME|3=EMPLOYED PART TIME|4=EMPLOYED ON-LEAVE (HEALTH)|5=EMPLOYED ON-LEAVE (NON-HEALTH)|6=UNEMPLOYED < 6 MONTHS|7=UNEMPLOYED > 6 MONTHS|8=RETIRED NOT WORKING|9=RETIRED WORKING|10=RETIRED VOLUNTEERING,10,phv00086085.v2,phs000209.v13
avcmin5,MESA_AirNRExam5Main,TIME FROM WAKING UP TO SMOKING FIRST MORNING CIGARETTE,NUMERIC,,,,phv00175431.v1,phs000209.v13
qsmkmna4,MESA_AirNRSpirometry,MINUTES BEFORE 1ST CIGARETTE,NUMERIC,,,,phv00083581.v1,phs000209.v13
chwcur1,MESA_AirNRExamMain,CHEWING TOBACCO: USED IN LAST 30 DAYS,NUMERIC,,0=NO|1=YES,2,phv00083266.v1,phs000209.v13
curalc1,MESA_AirNRExamMain,ALCOHOL: CURRENT USE,NUMERIC,,0=NO|1=YES,2,phv00083282.v1,phs000209.v13
alcwk1c,MESA_AirNRExamMain,# DRINKS PER WEEK (CURRENT AND FORMER DRINKERS),NUMERIC,,,,phv00083279.v1,phs000209.v13
htcm1,MESA_AirNRExamMain,HEIGHT (cm),NUMERIC,cm,,,phv00082683.v1,phs000209.v13
wtlb5,MESA_AirNRExam5Main,WEIGHT (lbs),NUMERIC,lbs,,,phv00174632.v1,phs000209.v13
bmi1c,MESA_AirNRExamMain,BODY MASS INDEX (kg)/(m^2),NUMERIC,kg/m^2,,,phv00082691.v2,phs000209.v13
ESP_bmi_baseline,MESA_ESP_HeartGO_Subject_Phenotypes,Baseline BMI in kg/m2,Numeric,kg/m2,,,phv00178033.v1,phs000403.v3
ESP_waist_baseline,MESA_ESP_HeartGO_Subject_Phenotypes,Waist in cm at baseline,Numeric,cm,,,phv00178037.v1,phs000403.v3
usd1bp5,MESA_AirNRExam5Main,FORM: DIAS BLOOD PRESSURE: 1ST MEASURE,NUMERIC,,,,phv00175754.v1,phs000209.v13
s3bp5,MESA_AirNRExam5Main,SEATED BP: SYSTOLIC 3RD READING (mmHg),NUMERIC,mmHg,,,phv00175594.v1,phs000209.v13
d3bp5,MESA_AirNRExam5Main,SEATED BP: DIASTOLIC 3RD READING (mmHg),NUMERIC,mmHg,,,phv00175595.v1,phs000209.v13
bpmed1,MESA_AirNRExamMain,TAKING MEDS FOR HYPERTENSION,NUMERIC,,0=NO|1=YES,2,phv00082998.v1,phs000209.v13
diabhx5,MESA_AirNRExam5Main,DIABETES: TAKING MEDICATION,NUMERIC,,1=YES|2=NO|9=UNSURE,3,phv00175292.v1,phs000209.v13
glucos1c,MESA_AirNRExamMain,FASTING GLUCOSE CALIBRATED (mg/dl),NUMERIC,mg/dl,,,phv00082953.v1,phs000209.v13
cholcmt5,MESA_AirNRExam5Main,TOTAL CHOLESTEROL LAB COMMENTS,STRING,,,,phv00175249.v1,phs000209.v13
hr1dina5,MESA_AirNRExam5Main,HEART RATE 1ST READING,NUMERIC,,,,phv00175589.v1,phs000209.v13
ESP_stroke_baseline,MESA_ESP_HeartGO_Subject_Phenotypes,Stroke status at baseline (0/1),Encoded value,,0=No|1=Yes,2,phv00178049.v1,phs000403.v3
cancer1,MESA_AirNRExamMain,CANCER: SELF-REPORT,NUMERIC,,0=NO|1=YES|9=DO NOT KNOW,3,phv00082977.v1,phs000209.v13
oaia5c,MESA_AirNRExam5Main,ORAL ANTI-INFLAMMATORY ASTHMA DRUGS LEUKOTRIENE RECEPTOR ANTAGONISTS AND INHIBITORS OF LIPO-OXYGENASE,NUMERIC,,0=NO|1=YES,2,phv00175381.v1,phs000209.v13
mc4avr5,MESA_AirNRExam5Main,MINNESOTA CODE 4 - ST JUNCTION AND SEGMENT DEPRESSION,STRING,,,,phv00175010.v1,phs000209.v13
splanxfc,MESA_FamilyExamMain,SPIELBERGER TRAIT ANXIETY SCALE,NUMERIC,,,,phv00087474.v1,phs000209.v13
eatslp5,MESA_AirNRExam5Main,Q15C) EATING AND SLEEPING ARE BOTH... ?,NUMERIC,,"0=LONG, BEND, MUSCLES, BONES, ETC|1=INCORRECT/DON'T KNOW|2=NOT ATTEMPTED/DISABLED|9=BODY PARTS, LIMBS, EXTREMITIES",4,phv00174693.v1,phs000209.v13
pavcm5c,MESA_AirNRExam5Main,VIGOROUS PHYSICAL ACTIVITY TOTAL (MET-MIN/WK M-SU),NUMERIC,MET-Min/Wk,,,phv00175582.v1,phs000209.v13
q09wmcm5,MESA_AirNRExam5Main,9: MODERATE WALKING EXERCISE MET (MIN/WK),NUMERIC,Min/Wk,,,phv00175529.v1,phs000209.v13
levwalk5,MESA_AirNRExam5Main,MORE BREATHLESS WALKING ON LEVEL GROUND,NUMERIC,,0=NO|1=YES|9=DO NOT KNOW / UNKNOWN,3,phv00175258.v1,phs000209.v13
addqcalciumfort5,MESA_exam5dietnutrients,ADDED DIET QU : CALCIUM-FORTIFIED JUICE,NUMERIC,,0=DOES NOT EAT THE FOOD|1=SELDOM OR NEVER|2=SOMETIMES|3=OFTEN OR ALWAYS,4,phv00218720.v1,phs000209.v13
nafruit1,MESA_AirNRExamMain,LARGE SELECTION OF FRESH FRUITS AND VEGETABLES AVAILABLE IN NEIGHBORHOOD,NUMERIC,,1=STRONGLY AGREE|2=AGREE|3=NEITHER AGREE NOR DISAGREE|4=DISAGREE|5=STRONGLY DISAGREE,5,phv00083202.v1,phs000209.v13
fgvgreenleafy5c,MESA_exam5dietnutrients,FOOD GROUP 21 : GREEN LEAFY VEGETABLES = SVD37,NUMERIC,,,,phv00218787.v1,phs000209.v13
lprelv5,MESA_AirNRExam5Main,HOW SOON IS LEG PAIN RELIEVED WHEN STILL,NUMERIC,,1=10 MINUTES OF LESS|2=MORE THAN 10 MINUTES,2,phv00175269.v1,phs000209.v13
lipid5c,MESA_AirNRExam5Main,ANY LIPID-LOWERING MEDICATION,NUMERIC,,0=NO|1=YES,2,phv00175409.v1,phs000209.v13
potasex4,MESA_Exam4Main,EXAM OF POTASSIUM BLOOD DRAW,NUMERIC,,3=EXAM 3|4=EXAM 4,2,phv00191192.v1,phs000209.v13
genderf,MESA_FamilyExamMain,GENDER,NUMERIC,,0=FEMALE|1=MALE,2,phv00087073.v1,phs000209.v13
agecat5c,MESA_AirNRExam5Main,AGE CATEGORIES EXAM 5,NUMERIC,,1=45 - 54|2=55 - 64|3=65 - 74|4=75 - 84|5=85 or older,5,phv00174589.v1,phs000209.v13
race_blacknh2,MESA_AncilMesaNeighborScalesExam2,% black non-hispanic,Numeric,,,,phv00218201.v1,phs000209.v13
educ_minhs3,MESA_AncilMesaNeighborScalesExam3,% 25+ with minimum High School education,Numeric,,,,phv00218229.v1,phs000209.v13
paxis5,MESA_AirNRExam5Main,P AXIS (DEGREES),NUMERIC,degrees,,,phv00174889.v1,phs000209.v13
numhhld5,MESA_AirNRExam5Main,# PEOPLE SUPPORTED BY FAMILY INCOME,NUMERIC,,,,phv00175447.v1,phs000209.v13
jobnow2,MESA_Exam2Main,ARE YOU CURRENTLY EMPLOYED OR SELF-EMPLOYED AT A JOB FOR PAY,NUMERIC,,0=NO|1=YES,2,phv00085881.v2,phs000209.v13
curjob3,MESA_Exam3Main,CURRENT OCCUPATION,NUMERIC,,1=HOMEMAKER|2=EMPLOYED FULL TIME|3=EMPLOYED PART TIME|4=EMPLOYED ON-LEAVE (HEALTH)|5=EMPLOYED ON-LEAVE (NON-HEALTH)|6=UNEMPLOYED < 6 MONTHS|7=UNEMPLOYED > 6 MONTHS|8=RETIRED NOT WORKING|9=RETIRED WORKING|10=RETIRED VOLUNTEERING,10,phv00086567.v2,phs000209.v13
cgr15,MESA_AirNRExam5Main,"AS ADULT, LIVED WITH REGULAR CIGARETTE SMOKER (EXCLUDING SELF) WHO SMOKED IN HOME",NUMERIC,,,,phv00175440.v1,phs000209.v13
chwyrs1c,MESA_AirNRExamMain,CHEWING TOBACCO AMOUNT (# TIMES CHEWED PER DAY * YEARS),NUMERIC,,,,phv00083263.v1,phs000209.v13
dzlnch1,MESA_AirNRExamMain,FALL ASLEEP SITTING QUIETLY AFTER LUNCH WITHOUT ALCOHOL,NUMERIC,,1=NO CHANCE|2=SLIGHT CHANCE|3=MODERATE CHANCE|4=HIGH CHANCE,4,phv00083427.v1,phs000209.v13
alcwkc1,MESA_AirNRExamMain,# DRINKS PER WEEK (CURRENT DRINKERS),NUMERIC,,,,phv00083290.v1,phs000209.v13
htmodp1,MESA_AirNRExamMain,"HEIGHT, PROTOCOL MODIFICATION",NUMERIC,,0=NO|1=YES,2,phv00082684.v1,phs000209.v13
wtls5c,MESA_AirNRExam5Main,WEIGHT LOSS DRUGS,NUMERIC,,0=NO|1=YES,2,phv00175406.v1,phs000209.v13
bmicat1c,MESA_AirNRExamMain,"BODY MASS INDEX, WHO CATEGORIES",NUMERIC,,1=NORMAL|2=GRADE 1 OVERWEIGHT|3=GRADE 2 OVERWEIGHT|4=GRADE 3 OVERWEIGHT,4,phv00082692.v1,phs000209.v13
ESP_whr_baseline,MESA_ESP_HeartGO_Subject_Phenotypes,Waist to hip ratio at baseline,Numeric,,,,phv00178038.v1,phs000403.v3
usd2bp5,MESA_AirNRExam5Main,FORM: DIAS BLOOD PRESSURE: 2ND MEASURE,NUMERIC,,,,phv00175757.v1,phs000209.v13
s1bp1,MESA_AirNRExamMain,SEATED BP: SYSTOLIC 1ST READING (mmHg),NUMERIC,mmHg,,,phv00083399.v1,phs000209.v13
d1bp1,MESA_AirNRExamMain,SEATED BP: DIASTOLIC 1ST READING (mmHg),NUMERIC,mmHg,,,phv00083400.v1,phs000209.v13
highbp1,MESA_AirNRExamMain,HYPERTENSION: SELF-REPORT,NUMERIC,,0=NO|1=YES|9=DO NOT KNOW,3,phv00082997.v1,phs000209.v13
diabins5,MESA_AirNRExam5Main,INSULIN OR HYPOGLYCEMICS FOR DIABETES,NUMERIC,,0=NO|1=YES|9=DO NOT KNOW/UNKNOWN,3,phv00175455.v1,phs000209.v13
glucos1u,MESA_AirNRExamMain,FASTING GLUCOSE ORIGINAL (mg/dl),NUMERIC,mg/dl,,,phv00082954.v1,phs000209.v13
hdlcat5c,MESA_AirNRExam5Main,"HDL CHOLESTEROL, NCEP CATEGORIES",NUMERIC,,"1=HIGH, 60+|2=40 - 59|3=LOW, <40",3,phv00175254.v1,phs000209.v13
hr2dina5,MESA_AirNRExam5Main,HEART RATE 2ND READING,NUMERIC,,,,phv00175593.v1,phs000209.v13
ESP_stroke_during_followup,MESA_ESP_HeartGO_Subject_Phenotypes,0/1 to indicate that a stroke occurred during study follow up.  0 if no stroke during study follow up.  1 if an adjudicated stroke occurred during study follow up (even if baseline stroke status was 1).,Encoded value,,0=No|1=Yes,2,phv00178050.v1,phs000403.v3
coloncn1,MESA_AirNRExamMain,COLON CANCER,NUMERIC,,0=NO|1=YES|9=DO NOT KNOW,3,phv00082981.v1,phs000209.v13
asthma1,MESA_AirNRExamMain,ASTHMA: SELF-REPORT,NUMERIC,,0=NO|1=YES|9=DO NOT KNOW,3,phv00082975.v1,phs000209.v13
ntca5c,MESA_AirNRExam5Main,NON-TRICYCLIC ANTIDEPRESSANTS OTHER THAN MAOI,NUMERIC,,0=NO|1=YES,2,phv00175379.v1,phs000209.v13
apnea1,MESA_AirNRExamMain,SLEEP APNEA DIAGNOSIS BY DOCTOR,NUMERIC,,0=NO|1=YES|9=DO NOT KNOW/UNKNOWN,3,phv00083431.v1,phs000209.v13
pamcm1c,MESA_AirNRExamMain,MODERATE PHYSICAL ACTIVITY TOTAL (MET-min/wk M-Su),NUMERIC,MET-min/wk M-Su,,,phv00083390.v1,phs000209.v13
q09wmcn5,MESA_AirNRExam5Main,9: MODERATE WALKING EXERCISE (MIN/WK),NUMERIC,Min/Wk,,,phv00175528.v1,phs000209.v13
lpdis5,MESA_AirNRExam5Main,LEG PAIN EVER DISAPPEAR WHILE WALKING,NUMERIC,,0=NO|1=YES,2,phv00175266.v1,phs000209.v13
addqcf_buttr5,MESA_exam5dietnutrients,ADDED DIET QU : COOKING FAT/OIL-BUTTER,NUMERIC,,0=NO|1=YES,2,phv00218732.v1,phs000209.v13
fgfruit5c,MESA_exam5dietnutrients,FOOD GROUP 1 : FRUIT,NUMERIC,,,,phv00218767.v1,phs000209.v13
fgvother5c,MESA_exam5dietnutrients,FOOD GROUP 25 : OTHER VEGETABLES,NUMERIC,,,,phv00218791.v1,phs000209.v13
lprest5,MESA_AirNRExam5Main,LEG PAIN BEGIN WHEN STANDING OR SITTING,NUMERIC,,0=NO|1=YES,2,phv00175262.v1,phs000209.v13
totmed5,MESA_AirNRExam5Main,TOTAL MEDICATIONS,NUMERIC,,,,phv00175326.v1,phs000209.v13
SEX,MESA_Pedigree,Sex,encoded value,,1=male|2=female,2,phv00082632.v1,phs000209.v13
asa5c,MESA_AirNRExam5Main,ASPIRIN FROM 280804 (ANTI-INFLAM AGENTS),NUMERIC,,0=NO|1=YES,2,phv00175342.v1,phs000209.v13
race_blacknh3,MESA_AncilMesaNeighborScalesExam3,% black non-hispanic,Numeric,,,,phv00218228.v1,phs000209.v13
educ_minhs4,MESA_AncilMesaNeighborScalesExam4,% 25+ with minimum High School education,Numeric,,,,phv00218256.v1,phs000209.v13
paxis5c,MESA_AirNRExam5Main,P AXIS (DEGREES) - WITH 999 VALUES RECODED TO MISSING,NUMERIC,degrees,,,phv00175122.v1,phs000209.v13
income1,MESA_AirNRExamMain,"TOTAL GROSS FAMILY INCOME, PAST 12 MONTHS",NUMERIC,,"1=< $5,000|2=$5,000 - 7,999|3=$8,000 - 11,999|4=$12,000 - 15,999|5=$16,000 - 19,999|6=$20,000 - 24,999|7=$25,000 - 29,999|8=$30,000 - 34,999|9=$35,000 - 39,999|10=$40,000 - 49,999|11=$50,000 - 74,999|12=$75,000 - 99,999,|13=$100000 OR MORE",13,phv00083226.v1,phs000209.v13
empstat3,MESA_Exam3Main,HAS EMPLOYMENT STATUS CHANGED SINCE EXAM 1,NUMERIC,,0=NO|1=YES,2,phv00086566.v2,phs000209.v13
curjob4,MESA_Exam4Main,CURRENT OCCUPATION,NUMERIC,,1=HOMEMAKER|2=EMPLOYED FULL TIME|3=EMPLOYED PART TIME|4=EMPLOYED ON-LEAVE (HEALTH)|5=EMPLOYED ON-LEAVE (NON-HEALTH)|6=UNEMPLOYED < 6 MONTHS|7=UNEMPLOYED > 6 MONTHS|8=RETIRED NOT WORKING|9=RETIRED WORKING|10=RETIRED VOLUNTEERING,10,phv00087004.v2,phs000209.v13
cgr25,MESA_AirNRExam5Main,TOTAL YEARS LIVED WITH CIGARETTE SMOKER,NUMERIC,,,,phv00175441.v1,phs000209.v13
othtob1,MESA_AirNRExamMain,EVER USED OTHER TOBACCO PRODUCTS,NUMERIC,,0=NO|1=YES,2,phv00083248.v1,phs000209.v13
othalc1,MESA_AirNRExamMain,OTHER ALCOHOL (FORMER DRINKERS),NUMERIC,,0=NO|1=YES,2,phv00083287.v1,phs000209.v13
alcwkp1,MESA_AirNRExamMain,# DRINKS PER WEEK WHEN DRINKING (FORMER DRINKERS),NUMERIC,,,,phv00083288.v1,phs000209.v13
lunghta4,MESA_AirNRSpirometry,HEIGHT (cm),NUMERIC,cm,,,phv00083471.v1,phs000209.v13
wtmodp5,MESA_AirNRExam5Main,"WEIGHT, PROTOCOL MODIFICATION?",NUMERIC,,0=NO|1=YES,2,phv00174633.v1,phs000209.v13
bmisc,MESA_AncilMesaStressWave1,BODY MASS INDEX (KG/M^2) AT MESA STRESS EXAM,NUMERIC,KG/M^2,,,phv00219025.v1,phs000209.v13
waistcm2,MESA_Exam2Main,WAIST CIRCUMFERENCE (cm),NUMERIC,cm,,,phv00085801.v2,phs000209.v13
usd3bp5,MESA_AirNRExam5Main,FORM: DIAS BLOOD PRESSURE: 3RD MEASURE,NUMERIC,,,,phv00175760.v1,phs000209.v13
s2bp1,MESA_AirNRExamMain,SEATED BP: SYSTOLIC 2ND READING (mmHg),NUMERIC,mmHg,,,phv00083403.v1,phs000209.v13
d2bp1,MESA_AirNRExamMain,SEATED BP: DIASTOLIC 2ND READING (mmHg),NUMERIC,mmHg,,,phv00083404.v1,phs000209.v13
htn1c,MESA_AirNRExamMain,HYPERTENSION BY JNC VI (1997) CRITERIA,NUMERIC,,0=NO|1=YES,2,phv00082655.v1,phs000209.v13
dm035c,MESA_AirNRExam5Main,DIABETES 2003 ADA FASTING CRITERIA,NUMERIC,,0=NORMAL|1=IFG|2=UNTREATED DIABETES|3=TREATED DIABETES,4,phv00174594.v1,phs000209.v13
glucossc,MESA_AncilMesaStressWave1,FASTING GLUCOSE- CALIBRATED AT MESA STRESS EXAM,NUMERIC,,,,phv00219026.v1,phs000209.v13
ldl5,MESA_AirNRExam5Main,LDL CHOLESTEROL (mg/dl),NUMERIC,mg/dl,,,phv00175238.v1,phs000209.v13
hr3dina5,MESA_AirNRExam5Main,HEART RATE 3RD READING,NUMERIC,,,,phv00175596.v1,phs000209.v13
ESP_stroke_tte_or_censor,MESA_ESP_HeartGO_Subject_Phenotypes,Time to event variable for stroke.  Time (in days) from start of study to stroke for event that occurred during study follow up; and follow up time for those that did not have an stroke during study follow up.,Numeric,days,,,phv00178051.v1,phs000403.v3
lungcn1,MESA_AirNRExamMain,LUNG CANCER,NUMERIC,,0=NO|1=YES|9=DO NOT KNOW,3,phv00082980.v1,phs000209.v13
istrd1c,MESA_AirNRExamMain,INHALED STEROIDS FOR ASTHMA,NUMERIC,,0=NO|1=YES,2,phv00083121.v1,phs000209.v13
tca5c,MESA_AirNRExam5Main,TRICYCLIC ANTI-DEPRESSANTS,NUMERIC,,0=NO|1=YES,2,phv00175396.v1,phs000209.v13
badslp1,MESA_AirNRExamMain,"SLEEP WAS RESTLESS, PAST WEEK",NUMERIC,,1=RARELY OR NONE OF THE TIME (< 1 DAY)|2=SOME OR A LITTLE OF THE TIME (1-2 DAYS)|3=MODERATE AMOUNT OF THE TIME (3-4 DAYS)|4=MOST OF THE TIME (5-7 DAYS),4,phv00082931.v1,phs000209.v13
pamvcm1c,MESA_AirNRExamMain,MODERATE AND VIGOROUS PHYSICAL ACTIVITY TOTAL (MET-min/wk M-Su),NUMERIC,MET-min/wk M-Su,,,phv00083392.v1,phs000209.v13
exercm1c,MESA_AirNRExamMain,TOTAL INTENTIONAL EXERCISE (Q9-15) MET-MIN/WK,NUMERIC,MET-min/wk M-Su,,,phv00083389.v1,phs000209.v13
lpnorm5,MESA_AirNRExam5Main,LEG PAIN IF WALK AT ORDINARY PACE ON THE LEVEL,NUMERIC,,0=NO|1=YES,2,phv00175265.v1,phs000209.v13
