field_id,field_name,description,category,data_type,units,value_encoding,encoding_id,encoding_name,n_codes,participant_count
31,Sex,"Sex of participant. <p>Acquired from central registry at recruitment, but in some cases updated by the participant. Hence this field may contain a mixture of the sex the NHS had recorded for the participant and self-reported sex.",Baseline characteristics,Categorical single,,0=Female|1=Male,9,,2,501938
84,Cancer year/age first occurred,"For each cancer entered, the nurse entered the date or age at diagnosis using a pop-up screen, depending on the participant's response. See Related Data-fields tab for further information on where to find separate data-fields for age and year of diagnosis.",Medical conditions,Integer,,-3=Preferred not to answer|-1=Time uncertain/unknown,37,,2,52398
33,Date of birth,"Date of birth (DOB) of participant. <p>Acquired from central registry, updated by participant. <p> This data-field will only be made available to researchers in exceptional circumstances. Wherever possible, reasearchers should use Month of Birth (~F52~) and Year of Birth (~F34~) instead.",Baseline characteristics,Date,,,,,,501938
2784,Ever taken oral contraceptive pill,"ACE touchscreen question ""Have you ever taken the contraceptive pill? (include the 'mini-pill')""",Female-specific factors,Categorical single,,1=Yes|0=No|-1=Do not know|-3=Prefer not to answer,100349,,4,272583
21000,Ethnic background,"This is an amalgam of sequential branching questions asked during the initial Assessment Centre visit as part of the touchscreen questionnaire. <br> <br> The question was dropped from the touchscreen protocol on 24/10/2016. It was reintroduced in early 2023, as it was required as a parameter for some repeat imaging measures.",Ethnicity,Categorical single,,1=White|1001=British|2001=White and Black Caribbean|3001=Indian|4001=Caribbean|2=Mixed|1002=Irish|2002=White and Black African|3002=Pakistani|4002=African|3=Asian or Asian British|1003=Any other white background|2003=White and Asian|3003=Bangladeshi|4003=Any other Black background|4=Black or Black British|2004=Any other mixed background|3004=Any other Asian background|5=Chinese|6=Other ethnic group|-1=Do not know|-3=Prefer not to answer,1001,,22,501067
22501,Year ended full time education,Year ended full time education,Work environment,Integer,calendar year,-2=Never went to school|-1=Do not know|-3=Prefer not to answer,100306,,3,121123
26422,Access to services score (Wales),"The purpose of this domain is to illustrate the deprivation as a result of a household's inability to access a range of services, considered necessary for day-to-day living. The access is by walking or using public bus services or both. The indicators used for the geographical access to services domain were: <ul> <li>Food shop</li> <li>GP surgery</li> <li>Primary school</li> <li>Post office</li> <li>Public library</li> <li>Leisure centre</li> <li>NHS dentist</li> <li>Secondary school</li> <li>Transport nodes</li> </ul>",Indices of Multiple Deprivation,Continuous,,,,,,21180
21041,Degree to which abdominal pain/discomfort/altered bowel habits affect/interfere with life in general,"Question asked: ""Please indicate how much abdominal pain or discomfort or altered bowel habits are affecting or interfering with your life in general."" <p> Participants were asked to move a slider to choose a number between 0 to 10, with 0 meaning ""not at all"" and 10 meaning ""completely"". Participants using an older browser were asked to select a button from 0 to 10. <p>The question in this field was taken from the IBS Severity Scoring System used with the authors' permission. <p>Francis CY, Morris J, Whorwell PJ. The irritable bowel severity scoring system: a simple method of monitoring irritable bowel syndrome and its progress. Alimentary Pharmacology & Therapeutics 1997;11(2):395-402",Digestive health,Categorical single,,0=0 - Not at all|1=1|2=2|3=3|4=4|5=5|6=6|7=7|8=8|9=9|10=10 - Completely|-818=Prefer not to answer,548,,12,183836
26411,Income score (England),"This domain measures the proportion of the population in an area experiencing deprivation related to low income. A combined count of income deprived individuals per LSOA is calculated by summing the following five indicators: <ul> <li>Adults and children in Income Support families</li> <li>Adults and children in Income-Based Jobseeker's Allowance families</li> <li>Adults and children in Pension Credit (Guarantee) families</li> <li>Adults and children in Child Tax Credit families (who are not in receipt of Income Support, Income-Based Jobseeker's Allowance or Pension Credit) whose equivalised income (excluding housing benefits) is below 60 per cent of the median before housing costs</li> <li>Asylum seekers in England in receipt of subsistence support, accommodation support, or both.</li> </ul>",Indices of Multiple Deprivation,Continuous,,,,,,432215
29088,Experienced a marital separation/divorce,"Mental Well-being online question:""Since you were sixteen, have you experienced: marital separation/divorce?""",Adverse life events,Categorical single,,"-3=Prefer not to answer|0=No, never|1=Yes, but not in the last 12 months|2=Yes, within the last 12 months",1933,,4,169989
93,"Systolic blood pressure, manual reading","Blood pressure, manual reading, systolic. Two measures of blood pressure were taken a few moments apart. A manual sphygmometer was used if the standard automated device could not be employed.",Blood pressure,Integer,mmHg,,,,,54054
22016,"Invitation to complete online occupational questionnaire, date sent",Dates that invitations to online occupational health questionnaire were emailed to participants.,Work environment,Date,,,,,,323462
1239,Current tobacco smoking,"ACE touchscreen question ""Do you smoke tobacco now?""",Smoking,Categorical single,,"1=Yes, on most or all days|2=Only occasionally|0=No|-3=Prefer not to answer",100347,,4,501087
20401,Ever addicted to any substance or behaviour,"Question asked: ""Have you been addicted to or dependent on one or more things, including substances (not cigarettes/coffee) or behaviours (such as gambling)?""",Addictions,Categorical single,,-818=Prefer not to answer|-121=Do not know|0=No|1=Yes,502,,4,157130
1618,Alcohol usually taken with meals,"ACE touchscreen question ""When you drink alcohol is it usually with meals?""<p>~F1618~ was collected from participants who indicated they drink alcohol, as defined by their answers to ~F1558~",Alcohol,Categorical single,,1=Yes|0=No|-6=It varies|-1=Do not know|-3=Prefer not to answer,100416,,5,400499
1518,Hot drink temperature,"ACE touchscreen question ""How do you like your hot drinks? (Such as coffee or tea)""",Diet,Categorical single,,1=Very hot|2=Hot|3=Warm|-2=Do not drink hot drinks|-3=Prefer not to answer,100398,,5,501081
39,Height measure device ID,Height measure gadget id,Body size measures,Text,,,,,,497770
21,Weight method,"Indicates whether weight was entered into the machine directly or manually, whether weight was only measured manually or not performed",Body size measures,Categorical single,,1=Direct entry|2=Manual entry of full results|3=Manual measurement of weight only|4=Not performed|-1=Question not asked due to previous answers,100261,,5,500322
23104,Body mass index (BMI),Body composition estimation by impedance measurement. Body Mass Index.<p>Increments of 0.1 .,Body composition by impedance,Continuous,Kg/m2,,,,,492605
48,Waist circumference,Waist circumference,Body size measures,Continuous,cm,,,,,499899
36,Blood pressure device ID,Blood pressure (Omron) gadget ID,Blood pressure,Text,,,,,,498500
2986,Started insulin within one year diagnosis of diabetes,"ACE touchscreen question ""Did you start insulin within one year of your diagnosis of diabetes?""<p>~F2986~ was collected from men who indicated that a doctor had told them they have diabetes, as defined by their answers to ~F2443~ and all women except those who indicated they had diabetes only during pregnancy, as defined by their answers to ~F2443~",Medical conditions,Categorical single,,1=Yes|0=No|-1=Do not know|-3=Prefer not to answer,100349,,4,29700
26045,Glucose ,Glucose from overall diet.Estimated intake from past 24 hours.,Estimated food nutrients yesterday,Continuous,g,,,,,210739
26037,Cholesterol ,Cholesterol from overall diet.Estimated intake from past 24 hours.,Estimated food nutrients yesterday,Continuous,mg,,,,,210739
3088,Contra-indications for spirometry,"Contra-indications for spirometry are defined as any of the following: chest infection in the last month (ie, influenza, bronchitis, severe cold, pneumonia); history of detached retina; heart attack or surgery to eyes, chest or abdomen in last 3 months; history of a collapsed lung; Pregnancy (1st or 3rd trimester); currently on medication for tuberculosis.",Spirometry,Categorical single,,1=Yes|2=Unsure|0=No,100267,,3,500317
4238,Keystroke history (left),This is the keystroke history for the hearing test (left ear),Hearing test,Text,,,,,,240260
134,Number of self-reported cancers,Number of cancers entered,Medical conditions,Integer,,,,,,501109
22127,Doctor diagnosed asthma,"User asked ""Has a doctor ever told you that you have had any of the conditions below?""<p>""asthma"" was one of the options listed.",Medical information,Categorical single,,1=Yes|0=No,7,,2,121123
2090,"Seen doctor (GP) for nerves, anxiety, tension or depression","ACE touchscreen question ""Have you ever seen a general practitioner (GP) for nerves, anxiety, tension or depression?""",Mental health,Categorical single,,1=Yes|0=No|-1=Do not know|-3=Prefer not to answer,100349,,4,501067
20417,"Tense, sore, or aching muscles during worst period of anxiety","Question asked: ""When you were worried or anxious, were you also: Having tense, sore, or aching muscles?"" <p>Question was asked when ~F20425~ was Yes or ~F20420~ was at least 6 months.",Anxiety,Categorical single,,-121=Do not know|0=No|1=Yes,520,,3,48692
20400,Date of completing mental health questionnaire,Date of completing UK Biobank online mental health questionnaire.,Mental health,Date,,,,,,157161
20532,Did your sleep change?,"Question asked: ""Did your sleep change?"" <p>Question was asked when ~F20446~ was Yes or ~F20441~ was Yes.",Depression,Categorical single,,-818=Prefer not to answer|-121=Do not know|0=No|1=Yes,502,,4,88897
6015,Chest pain felt during physical activity,"Exercise safety question 2, asked prior to fitness test<p>""""Do you feel pain in your chest when you do physical activity""",ECG during exercise,Categorical single,,1=Yes|2=Unsure|0=No,100267,,3,96441
5992,"ECG, phase duration","ECG, phase duration<p>The exercise test consists of many phases. This field contains the duration of a phase in seconds in an exercise test.",ECG during exercise,Integer,,,,,,95036
3606,Chest pain or discomfort walking normally,"ACE touchscreen question ""Do you get this pain or discomfort when you walk at an ordinary pace on the level?""<p>~F3606~ was collected from participants who indicated that they get pain or discomfort in their chest, as defined by their answers to ~F2335~",Chest pain,Categorical single,,1=Yes|0=No|-1=Unable to walk on the level|-3=Prefer not to answer,100563,,4,89359
1538,Major dietary changes in the last 5 years,"ACE touchscreen question ""Have you made any major changes to your diet in the last 5 years?""",Diet,Categorical single,,"0=No|1=Yes, because of illness|2=Yes, because of other reasons|-3=Prefer not to answer",100400,,4,501081
20654,Liking for dried fruit,Liking for dried fruit measured on a 9-point scale.,Food (and other) preferences,Categorical single,,1=extremely dislike|2=2|3=3|4=4|5=neither like nor dislike|6=6|7=7|8=8|9=extremely like|-121=never tried|-818=do not wish to answer,96,,11,181943
20739,Liking for vegetables,Liking for vegetables measured on a 9-point scale.,Food (and other) preferences,Categorical single,,1=extremely dislike|2=2|3=3|4=4|5=neither like nor dislike|6=6|7=7|8=8|9=extremely like|-121=never tried|-818=do not wish to answer,96,,11,181943
2335,Chest pain or discomfort,"ACE touchscreen question ""Do you ever have any pain or discomfort in your chest?""",Chest pain,Categorical single,,1=Yes|0=No|-1=Do not know|-3=Prefer not to answer,100349,,4,501055
29193,When online General health questionnaire started,When General health module of online mental well-being questionnaire started,General health,Date,,,,,,169395
2178,Overall health rating,"ACE touchscreen question ""In general how would you rate your overall health?""",General health,Categorical single,,1=Excellent|2=Good|3=Fair|4=Poor|-1=Do not know|-3=Prefer not to answer,100508,,6,501060
2188,"Long-standing illness, disability or infirmity","ACE touchscreen question ""Do you have any long-standing illness, disability or infirmity?""",General health,Categorical single,,1=Yes|0=No|-1=Do not know|-3=Prefer not to answer,100349,,4,501060
137,Number of treatments/medications taken,Number of treatments (medications) entered,Medications,Integer,,,,,,501109
77,"Heel bone ultrasound T-score, manual entry",This T-score is calculated from the ultrasound heel BMD measurement and is based on a person's bone density compared with what is normally expected in someone of the same sex. The units of the T-score are the number of standard deviations (SD) that the bone density is above or below the standard.,Bone-densitometry of heel,Continuous,Std.Devs,,,,,42691
87,Non-cancer illness year/age first occurred,"For each disease entered, the nurse entered the date or age at diagnosis using a pop-up screen, depending on the participant's response. See Related Data-fields tab for further information on where to find separate data-fields for age and year of diagnosis.",Medical conditions,Integer,,-3=Preferred not to answer|-1=Time uncertain/unknown,37,,2,400878
32316,Has difficulty remembering people's date of birth,"Social Interactions and Focus online question: ""I am not very good at remembering people's date of birth.""<p>Scoring: If ~F32316~ is  Slightly disagree or Definitely disagree, increase AQ score by 1",Autism Spectrum Quotient,Categorical single,,1=Definitely agree|2=Slightly agree|3=Slightly disagree|4=Definitely disagree|-3=Prefer not to answer,2630,,5,161269
10132,Type of progestan-only oral contraceptive used (pilot),"ACE touchscreen question ""Are you NOW taking any of the following?""",Female-specific factors,Categorical single,,1=Microval|2=Micronor|3=Noriday|4=Norgeston|5=Femulen|6=Cerazette|-1=None of the above|-3=Prefer not to answer,100686,,8,44
26410,Index of Multiple Deprivation (England),"The English Indices of Deprivation 2010 are measures of multiple deprivation at the small area level. The model of multiple deprivation which underpins the Indices of Deprivation 2010 is based on the idea of distinct domains of deprivation which can be recognised and measured separately. These domains are experienced by individuals living in an area. People may be counted in one or more of the domains, depending on the number of types of deprivation that they experience.<p> Each domain represents a specific form of deprivation experienced by people and each can be measured individually using a number of indicators. Seven distinct domains have been identified in the English Indices of Deprivation; Income Deprivation, Employment Deprivation, Health Deprivation and Disability, Education Skills and Training Deprivation, Barriers to Housing and Services, Living Environment Deprivation, and Crime. Individual domains can be used in isolation as measures of each specific form of deprivation. They can also be combined, using appropriate weights, into a single overall Index of Multiple Deprivation which can be used to rank every small area in England according to the deprivation experienced by the people living there. Along with two supplementary indices, Income Deprivation Affecting Children Index and Income Deprivation Affecting Older People Index, they form the English Indices of Deprivation. These statistics allow the most, and least, deprived areas of the country to be identified as well as providing information about the issues faced by people living in different parts of the country.",Indices of Multiple Deprivation,Continuous,,,,,,432215
21048,Degree bothered by back pain in the past 3 months,"Question asked: ""During the past 3 months, how much have you been bothered by back pain?"" <p>The question in this field was taken from the Patient Health Questionnaire 12 Somatic Symptom scale (PHQ-12 SS) used with the publisher's permission. <p>Spiller RC, Humes DJ, Campbell E, et al. The Patient Health Questionnaire 12 Somatic Symptom scale as a predictor of symptom severity and consulting behaviour in patients with irritable bowel syndrome and symptomatic diverticular disease. Alimentary Pharmacology & Therapeutics. 2010;32:811-820",Digestive health,Categorical single,,-600=Not bothered at all|-601=Bothered a little|-602=Bothered a lot|-818=Prefer not to answer,339,,4,183836
26418,Income score (Wales),The purpose of this domain is to capture the extent of deprivation relating to income at a small area level across Wales. It focuses on the proportion of people living in households with income below a defined threshold or claiming benefits relating to low incomes. The indicators used for the income domain were: <ul> <li>Adults & children in income support households</li> <li>Adults & children in pension credit households</li> <li>Adults & children in income-based job seekers allowance households</li> <li>Adults & children in tax credit (child tax credit and working tax credit) households below a low income threshold</li> <li>National Asylum Support Service (NASS) supported asylum seekers in Wales in receipt of subsistence only and accommodation support</li> </ul>,Indices of Multiple Deprivation,Continuous,,,,,,21180
94,"Diastolic blood pressure, manual reading","Blood pressure, manual reading, diastolic. Two measures of blood pressure were taken a few moments apart. A manual sphygmometer was used if the standard automated device could not be employed.",Blood pressure,Integer,mmHg,,,,,54054
22499,Device used to enter occupational data,"User asked: ""Which description best describes the device you are currently using to complete this questionnaire?""",Work environment,Categorical single,,1=Deskop computer|2=Laptop computer|3=Tablet computer|4=Smartphone|5=Other touchscreen device|6=Other non-touchscreen device|-818=Prefer not to answer,480,,7,121123
1249,Past tobacco smoking,"ACE touchscreen question ""In the past, how often have you smoked tobacco?""<p>~F1249~ was collected from all participants except those who indicated they currently smoke on most or all days, as defined by their answers to ~F1239~",Smoking,Categorical single,,1=Smoked on most or all days|2=Smoked occasionally|3=Just tried once or twice|4=I have never smoked|-3=Prefer not to answer,100348,,5,464715
1628,Alcohol intake versus 10 years previously,"ACE touchscreen question ""Compared to 10 years ago, do you drink?""<p>~F1628~ was collected from participants who indicated they drink alcohol, as defined by their answers to ~F1558~",Alcohol,Categorical single,,1=More nowadays|2=About the same|3=Less nowadays|-1=Do not know|-3=Prefer not to answer,100417,,5,460888
3089,Caffeine drink within last hour,Participants were asked whether they had drank caffeine within the hour prior to doing the spirometry test,Spirometry,Categorical single,,1=Yes|0=No,7,,2,462453
50,Standing height,Standing height was measured using a Seca 202 device,Body size measures,Continuous,cm,,,,,499541
120,Birth weight known,Birth weight known <br><br>This question was dropped from the touchscreen protocol on 24/10/2016.,Early life factors,Categorical single,,1=Yes - pounds and ounces|2=Yes - Kilograms|9=No,100258,,3,501081
20045,Reason for skipping waist,Reason waist measurement was not performed (entered as free-text by a UK Biobank Staff member).<p>This field was created by post-hoc coding the free-text reasons entered during the assessment centre visit. The encoding used was constructed after the data had been examined to determine suitable representative groupings.,Body size measures,Categorical single,,100=Declined|101=Against participant wishes|102=Lack of time|103=Feeling unwell|104=Other health reason|200=Equipment failure|201=Malfunction|202=Not available|300=Reason not known|400=Unable|401=Above max weight|402=Amputee|403=Feeling unwell|404=Limb injury|405=Other health reason|406=Pregnant|407=Reason not stated|408=Unable to grip|409=Unable to remove shoes/socks|410=Wheelchair user/unable to stand|411=Asthma/lung disease|412=Unable to understand instructions|413=Physically unable|414=Previous measures unavailable|415=Arthritis|416=Recent surgery|417=Stroke/weakness/paralysis|418=Above max measurement|419=Colostomy bag|420=Below minimum height scale|421=Unable to sit|500=Nurse Advised not to perform|501=Chest infection|502=Collapsed lung|503=Heart problems|504=High BP|505=Pregnant|506=Reason not known|507=Recent surgery|508=Retinal detachment/eye problems|509=Tuberculosis,47,,41,445
37,Blood pressure manual sphygmomanometer device ID,Blood pressure manual sphygmomanometer gadget ID,Blood pressure,Text,,,,,,498500
4041,Gestational diabetes only,"ACE touchscreen question ""Did you only have diabetes during pregnancy?""<p>~F4041~ was collected from women who indicated that a doctor had told them they had diabetes, as defined by their answers to ~F2443~",Medical conditions,Categorical single,,1=Yes|0=No|-2=Not applicable|-1=Do not know|-3=Prefer not to answer,100617,,5,11988
4196,Pulse wave peak to peak time,peak to peak time in milliseconds<p>A digital volume pulse can be considered to be the summation of a direct and a reflected component. The direct component is due to transmission of a pressure wave from the left ventricle to the finger via the most direct route. The reflected component is formed by pressure transmitted from the heart to the lower body where it is reflected back up the aorta and thence to the finger. peak to peak time is the difference between the peak values of direct and reflected components.,Arterial stiffness,Integer,milliseconds,,,,,236187
4248,Keystroke history (right),This is the keystroke history for the hearing test (right ear),Hearing test,Text,,,,,,240345
135,Number of self-reported non-cancer illnesses,Number of non-cancer illnesses entered,Medical conditions,Integer,,,,,,501109
22167,Recent medication for asthma,User asked whether they are currently on medication for the asthma which was diagnosed by a doctor,Medical information,Categorical single,,1=Yes|0=No,7,,2,15480
2100,"Seen a psychiatrist for nerves, anxiety, tension or depression","ACE touchscreen question ""Have you ever seen a psychiatrist for nerves, anxiety, tension or depression?""",Mental health,Categorical single,,1=Yes|0=No|-1=Do not know|-3=Prefer not to answer,100349,,4,501067
20419,Difficulty concentrating during worst period of anxiety,"Question asked: ""When you were worried or anxious, were you also: Having difficulty keeping your mind on what you were doing?"" <p>Question was asked when ~F20425~ was Yes or ~F20420~ was at least 6 months.",Anxiety,Categorical single,,-121=Do not know|0=No|1=Yes,520,,3,48692
20544,Mental health problems ever diagnosed by a professional,"Question asked: ""Have you been diagnosed with one or more of the following mental health problems by a professional, even if you don't have it currently? (tick all that apply):""<p>Participant was offered a set of options which have been combined here into a single answer",Mental distress,Categorical multiple,,"1=Social anxiety or social phobia|2=Schizophrenia|3=Any other type of psychosis or psychotic illness|4=A personality disorder|5=Any other phobia (eg disabling fear of heights or spiders)|6=Panic attacks|7=Obsessive compulsive disorder (OCD)|10=Mania, hypomania, bipolar or manic-depression|11=Depression|12=Bulimia nervosa|13=Psychological over-eating or binge-eating|14=Autism, Asperger's or autistic spectrum disorder|15=Anxiety, nerves or generalized anxiety disorder|16=Anorexia nervosa|17=Agoraphobia|18=Attention deficit or attention deficit and hyperactivity disorder (ADD/ADHD)|-818=Prefer not to answer (group A)|-819=Prefer not to answer (group B)",1401,,18,50011
20533,Trouble falling asleep,"Question asked: ""Was that: [re sleep change] Trouble falling asleep"" <p>Question was asked when ~F20532~ was Yes.",Depression,Categorical single,,0=No|1=Yes,508,,2,60812
6016,Chest pain felt outside physical activity,"Exercise safety question 3, asked prior to fitness test<p>""In the past month, have you had chest pain when you were NOT doing physical activity""",ECG during exercise,Categorical single,,1=Yes|2=Unsure|0=No,100267,,3,96441
6017,Able to walk or cycle unaided for 10 minutes,"Exercise safety question 4, asked prior to fitness test<p>""Are you able to walk or cycle unaided for 10 minutes""",ECG during exercise,Categorical single,,1=Yes|2=Unsure|0=No,100267,,3,96441
3616,Chest pain due to walking ceases when standing still,"ACE touchscreen question ""Does this chest pain go away when you stand still?""<p>~F3616~ was collected from participants who indicated that they get pain or discomfort in their chest, as defined by their answers to ~F2335~ and either get this pain when they walk at an ordinary pace on the level, as defined by their answers to ~F3606~ or when they walk uphill or in a hurry, as defined by their answers to ~F3751~",Chest pain,Categorical single,,1=Yes|0=No|-1=Do not know|-3=Prefer not to answer,100349,,4,35716
1548,Variation in diet,"ACE touchscreen question ""Does your diet vary much from week to week?""",Diet,Categorical single,,1=Never/rarely|2=Sometimes|3=Often|-1=Do not know|-3=Prefer not to answer,100401,,5,498506
20663,Liking for fruit,Liking for fruit measured on a 9-point scale.,Food (and other) preferences,Categorical single,,1=extremely dislike|2=2|3=3|4=4|5=neither like nor dislike|6=6|7=7|8=8|9=extremely like|-121=never tried|-818=do not wish to answer,96,,11,181943
104000,Baked bean intake,"Question asked: ""How many servings of baked beans did you have?""<p>This question was only asked to participants who reported consuming vegetables.",Fruit/vegetables yesterday,Categorical single,Serving,300=3+|2=2|1=1|555=half|444=quarter,100017,,5,29629
2956,General pain for 3+ months,"ACE touchscreen question ""Have you had pains all over the body for more than 3 months?""<p>~F2956~ was collected from participants who indicated that in the last month they experienced pain all over the body that interfered with their usual activities, as defined by their answers to ~F6159~",Pain,Categorical single,,1=Yes|0=No|-1=Do not know|-3=Prefer not to answer,100349,,4,9912
29206,When online General health questionnaire completed,When General health module of online mental well-being questionnaire completed,General health,Date,,,,,,169395
2492,Taking other prescription medications,"ACE touchscreen question ""Do you regularly take any other PRESCRIPTION medications? (Do not forget medications such as puffers or patches)""",Medication,Categorical single,,1=Yes - you will be asked about this later by an interviewer|0=No|-1=Do not know|-3=Prefer not to answer,100603,,4,501047
78,"Heel bone mineral density (BMD) T-score, automated",This T-score is calculated from the ultrasound heel BMD measurement and is based on a person's bone density compared with what is normally expected in someone of the same sex. The units of the T-score are the number of standard deviations (SD) that the bone density is above or below the standard.,Bone-densitometry of heel,Continuous,Std.Devs,,,,,278763
92,Operation year/age first occurred,"For each operation entered, the nurse entered the date or age at diagnosis using a pop-up screen, depending on the participant's response. See Related Data-fields tab for further information on where to find separate data-fields for age and year of diagnosis.",Operations,Integer,,-3=Preferred not to answer|-1=Time uncertain/unknown,37,,2,406818
20205,ECG datasets,ECG datasets are stored as XML formatted records containing the lead-traces and some ancillary reporting data.,"ECG at rest, 12-lead",Text,,,,,,95069
26426,Index of Multiple Deprivation (Wales),"The Welsh Index of Multiple Deprivation 2008 is the official measure of deprivation for small areas in Wales. It was developed for the Welsh Assembly Government by the Assembly's Statistical Directorate and the Local Government Data Unit (Wales). <p> The WIMD 2008 is made up of eight separate domains (or kinds) of deprivation: income, employment, health, education, housing, environment, access to services, and community safety. <p> Each of them was based on a range of different indicators which meant that they were measured in different ways using different units. So before they could be combined the measurements had to be transformed to make them compatible. For example, if the height of something had been measured in metres and the weight in kilograms it would not make sense simply to add them together. <p> Income and employment were classed as the most important factors, and they were given the biggest weighting in the overall index. Although there is more to deprivation than poverty, not having enough money or a job is a big part of it.",Indices of Multiple Deprivation,Continuous,,,,,,21180
21049,Degree bothered by pain in arms/legs/joints in the past 3 months,"Question asked: ""During the past 3 months, how much have you been bothered by pain in your arms, legs or joints (knees, hips etc)?"" <p>The question in this field was taken from the Patient Health Questionnaire 12 Somatic Symptom scale (PHQ-12 SS) used with the publisher's permission. <p>Spiller RC, Humes DJ, Campbell E, et al. The Patient Health Questionnaire 12 Somatic Symptom scale as a predictor of symptom severity and consulting behaviour in patients with irritable bowel syndrome and symptomatic diverticular disease. Alimentary Pharmacology & Therapeutics. 2010;32:811-820",Digestive health,Categorical single,,-600=Not bothered at all|-601=Bothered a little|-602=Bothered a lot|-818=Prefer not to answer,339,,4,183836
20119,Current employment status - corrected,"Most participant jobs were code by staff in the clinic when the participant was present, with the results presented in ~F132~. However, for various reasons, staff were occasionally unable to find suitable codings and the job was recorded as a ""Other job"" accompanied by a free-text description. <p>In some cases participants declared an occupation which was not actually classified as paid/self-employment and this information was used to correct the answer given in ~F6142~.",Employment,Categorical single,,1=In paid employment or self-employed|2=Retired|3=Looking after home and/or family|4=Unable to work because of sickness or disability|5=Unemployed|6=Doing unpaid or voluntary work|7=Full or part-time student|-7=None of the above|-3=Prefer not to answer,100295,,9,3360
22500,When occupational data entered,This is the date that the participant completed entering their occupational history.,Work environment,Date,,,,,,121123
1259,Smoking/smokers in household,"ACE touchscreen question ""Does anyone in your household smoke?""<p>~F1259~ was collected from all participants except those who indicated they currently smoke tobacco on most or all days, as defined by their answers to ~F1239~",Smoking,Categorical single,,"1=Yes, one household member smokes|2=Yes, more than one household member smokes|0=No|-3=Prefer not to answer",100370,,4,462468
2664,Reason for reducing amount of alcohol drunk,"ACE touchscreen question ""Why did you reduce the amount you drank?""<p>~F2664~ was collected from participants who indicated they drink alcohol, as defined by their answers to ~F1558~ and they drink less nowadays than 10 years ago, as defined by their answers to ~F1558~",Alcohol,Categorical single,,1=Illness or ill health|2=Doctor's advice|3=Health precaution|4=Financial reasons|5=Other reason|-1=Do not know|-3=Prefer not to answer,100418,,7,232597
20085,Reason for not eating or drinking normally,This field indicates the reason why the participant did not eat or drink normally yesterday. The data is an amalgamation of 4 individual Yes/No answers which were asked if the participant indicated they did not eat or drink normally.,Typical diet yesterday,Categorical multiple,,3=Ill|4=Fasting|5=Away|6=Other reason untypical diet,75,,4,67832
51,Seated height,"Seated height was measured using a Seca 202 device with the participant seated on a box, the size of which is given by ~F3077~",Body size measures,Continuous,cm,,,,,496989
2306,Weight change compared with 1 year ago,"ACE touchscreen question ""Compared with one year ago, has your weight changed?""",General health,Categorical single,,0=No - weigh about the same|2=Yes - gained weight|3=Yes - lost weight|-1=Do not know|-3=Prefer not to answer,100540,,5,501058
96,Time since interview start at which blood pressure screen(s) shown,"The time since interview start at which the blood pressure screen was shown is useful because it can be used to calculate the interval between the two measurements of blood pressure. This interval is variable because it, for efficiency reasons, it was impractical to use a fixed time during the UK Biobank Assessments.",Blood pressure,Integer,seconds,,,,,501109
5890,Which eye(s) affected by diabetes-related eye disease,"ACE touchscreen question ""Which eye(s) are affected by diabetes related eye disease?""<p>~F5890~ was collected from participants who indicated they have diabetes related eye disease as defined by their answers to ~F6148~",Eyesight,Categorical single,,1=Right eye|2=Left eye|3=Both eyes,100515,,3,2690
4198,Position of the pulse wave peak,position of the peak<p>A digital volume pulse can be considered to be the summation of a direct and a reflected component. The direct component is due to transmission of a pressure wave from the left ventricle to the finger via the most direct route. The reflected component is formed by pressure transmitted from the heart to the lower body where it is reflected back up the aorta and thence to the finger. This field is the time when the peak occurs in the waveform.,Arterial stiffness,Integer,,,,,,236313
4257,Keystroke history,"This records the actual keys touched by the participant while entering a number, including edits/deletions.",Numeric memory,Text,,,,,,90873
2674,Ever had breast cancer screening / mammogram,"ACE touchscreen question ""Have you ever been for breast cancer screening (a mammogram)?""",Female-specific factors,Categorical single,,1=Yes|0=No|-1=Do not know|-3=Prefer not to answer,100349,,4,272586
4598,Ever depressed for a whole week,"ACE touchscreen question ""Looking back over your life, have you ever had a time when you were feeling depressed or down for at least a whole week?"" <p>Question was introduced part way through fieldwork in April 2009.",Mental health,Categorical single,,1=Yes|0=No|-1=Do not know|-3=Prefer not to answer,100349,,4,247546
20422,More irritable than usual during worst period of anxiety,"Question asked: ""When you were worried or anxious, were you also: More irritable than usual?"" <p>Question was asked when ~F20425~ was Yes or ~F20420~ was at least 6 months.",Anxiety,Categorical single,,-121=Do not know|0=No|1=Yes,520,,3,48692
29184,When online Mental health questionnaire started,When Mental health module of online mental well-being questionnaire started,Mental health,Date,,,,,,175087
20534,Sleeping too much,"Question asked: ""Was that: [re sleep change] Sleeping too much"" <p>Question was asked when ~F20532~ was Yes.",Depression,Categorical single,,0=No|1=Yes,508,,2,60812
22035,At or above moderate/vigorous recommendation,Indicates whether a person met the 2017 UK Physical activity guidelines of 150 minutes of moderate activity per week or 75 minutes of vigorous activity.,MET Scores,Categorical single,,1=Yes|0=No,7,,2,394110
6023,Description of exercise protocol recommended,Description of exercise protocol recommended,ECG during exercise,Text,,,,,,95045
3751,Chest pain or discomfort when walking uphill or hurrying,"ACE touchscreen question ""Do you get this pain or discomfort when you walk uphill or hurry?""<p>~F3751~ was collected from participants who indicated that they get pain or discomfort in their chest, as defined by their answers to ~F2335~ but they do not get this pain when they walk at an ordinary pace on the level, as defined by their answers to ~F2335~",Chest pain,Categorical single,,1=Yes|0=No|-1=Unable to walk up hills or to hurry|-3=Prefer not to answer,100564,,4,73122
6179,Mineral and other dietary supplements,"ACE touchscreen question ""Do you regularly take any of the following? (You can select more than one answer)""<p>The following checks were performed:<ul><li>If code -7 was selected, then no additional choices were allowed.</li><li>If code -3 was selected, then no additional choices were allowed.</li></ul>",Medication,Categorical multiple,,1=Fish oil (including cod liver oil)|2=Glucosamine|3=Calcium|4=Zinc|5=Iron|6=Selenium|-7=None of the above|-3=Prefer not to answer,100630,,8,498470
20671,Liking for grapefruit,Liking for grapefruit measured on a 9-point scale.,Food (and other) preferences,Categorical single,,1=extremely dislike|2=2|3=3|4=4|5=neither like nor dislike|6=6|7=7|8=8|9=extremely like|-121=never tried|-818=do not wish to answer,96,,11,181943
104010,Pulses intake,"Question asked: ""How many servings of other beans (kidney beans/chick peas/butter beans etc) or lentils did you have?""<p>This question was only asked to participants who reported consuming vegetables.",Fruit/vegetables yesterday,Categorical single,Serving,300=3+|2=2|1=1|555=half|444=quarter,100017,,5,35299
3404,Neck/shoulder pain for 3+ months,"ACE touchscreen question ""Have you had neck or shoulder pains for more than 3 months?""<p>~F3404~ was collected from participants who indicated that in the last month they experienced neck or shoulder pain that interfered with their usual activities, as defined by their answers to ~F6159~",Pain,Categorical single,,1=Yes|0=No|-1=Do not know|-3=Prefer not to answer,100349,,4,130018
20003,Treatment/medication code,Code for treatment<p>Negative codes indicate free-text entry.,Medications,Categorical multiple,,,4,Treatments,6745,382887
2129,Answered sexual history questions,"ACE touchscreen question ""The next section contains questions about your sexual history. If you feel that a question is too sensitive, you can skip the question or skip the entire section if you prefer.""",Sexual factors,Categorical single,,1=Continue|2=Skip this section,100503,,2,501061
670,Type of accommodation lived in,"ACE touchscreen question ""What type of accommodation do you live in?""<p>If the participant activated the Help button they were shown the message:<br><table><tr><td><i>Please select:<br><br>A house or bungalow for any whole, detached, semi-detached<br>or terraced (including end-terrace) house or bungalow.<br><br>A flat, maisonette, or apartment for any purpose-built<br>block of flats or tenement, part of a converted or shared<br>house (including bed-sits) or within a commercial building<br>(for example in an office building, or hotel, or over a shop).<br><br>If none of the options apply, select None of the above.<br></i></td></tr></table>",Household,Categorical single,,"1=A house or bungalow|2=A flat, maisonette or apartment|3=Mobile or temporary structure (i.e. caravan)|4=Sheltered accommodation|5=Care home|-7=None of the above|-3=Prefer not to answer",100286,,7,501114
21055,Degree bothered by feeling heart pound/race in the last 3 months,"Question asked: ""During the past 3 months, how much have you been bothered by feeling your heart pound or race?"" <p>The question in this field was taken from the Patient Health Questionnaire 12 Somatic Symptom scale (PHQ-12 SS) used with the publisher's permission. <p>Spiller RC, Humes DJ, Campbell E, et al. The Patient Health Questionnaire 12 Somatic Symptom scale as a predictor of symptom severity and consulting behaviour in patients with irritable bowel syndrome and symptomatic diverticular disease. Alimentary Pharmacology & Therapeutics. 2010;32:811-820",Digestive health,Categorical single,,-600=Not bothered at all|-601=Bothered a little|-602=Bothered a lot|-818=Prefer not to answer,339,,4,183836
32238,Frequency that inattention/distractibility and disorganisation interfered with work or education,"Social Interactions and Focus online question: ""How often did/do these problems with inattention/distractibility and disorganisation interfere with your ability to function: in your work or education?"" <p>Question was asked when ~F32235~ was When I was a child, When I was an adolescent, When I was a young adult, When I was an adult or When I was older than 65.",ADHD (Attention deficit hyperactivity disorder),Categorical single,,0=Never or rarely|1=Sometimes|2=Often|3=Very often or always|-1=Do not know/cannot remember|-3=Prefer not to answer,2626,,6,50050
21050,Degree bothered by menstrual cramps or other problems with period in the last 3 months,"Question asked: ""During the past 3 months, how much have you been bothered by menstrual cramps or other problems with your periods?"" <p> This question was asked to women only. <p>The question in this field was taken from the Patient Health Questionnaire 12 Somatic Symptom scale (PHQ-12 SS) used with the publisher's permission. <p>Spiller RC, Humes DJ, Campbell E, et al. The Patient Health Questionnaire 12 Somatic Symptom scale as a predictor of symptom severity and consulting behaviour in patients with irritable bowel syndrome and symptomatic diverticular disease. Alimentary Pharmacology & Therapeutics. 2010;32:811-820",Digestive health,Categorical single,,-600=Not bothered at all|-601=Bothered a little|-602=Bothered a lot|-818=Prefer not to answer|-313=Not applicable,1018,,5,104257
20418,Impact on normal roles during worst period of anxiety,"Question asked: ""Think about your roles at the time of this episode, including study / employment, childcare and housework, leisure pursuits. How much did these problems interfere with your life or activities?"" <p>Question was asked when ~F20425~ was Yes or ~F20420~ was at least 6 months.",Anxiety,Categorical single,,-818=Prefer not to answer|0=Not at all|1=A little|2=Somewhat|3=A lot,510,,5,48692
22599,Number of jobs held,This is the number of jobs described by each participant who completed the Occupational questionnaire.,Employment history,Integer,jobs,,,,,118527
1787,Maternal smoking around birth,"ACE touchscreen question ""Did your mother smoke regularly around the time when you were born?"" <p>~F1787~ was collected from all participants except those who indicated they were adopted as a child, as defined by their answers to ~F1767~ <br><br>This question was dropped from the touchscreen protocol on 24/10/2016.",Early life factors,Categorical single,,1=Yes|0=No|-1=Do not know|-3=Prefer not to answer,100349,,4,493709
3731,Former alcohol drinker,"ACE touchscreen question ""Did you previously drink alcohol?""<p>~F3731~ was collected from participants who indicated they never drink alcohol, as defined by their answers to ~F1558~",Alcohol,Categorical single,,1=Yes|0=No|-3=Prefer not to answer,100352,,3,44982
20413,Frequency of inability to cease drinking in last year,"Question asked: ""How often during the last year have you found that you were not able to stop drinking once you had started?"" <p>Question was asked when the sum of the answer to ~F20403~ plus the answer to ~F20416~ was 3 or above. Participants responding ""prefer not to answer"" to one of these trigger questions were scored as 1 for that question.",Alcohol use,Categorical single,,-818=Prefer not to answer|1=Never|2=Less than monthly|3=Monthly|4=Weekly|5=Daily or almost daily,523,,6,85078
3077,Seating box height,The height of the box that participant sat on for sitting-height measurement ~F51~,Body size measures,Categorical single,,30=30cm|40=40cm|50=50cm,100262,,3,496989
3160,"Weight, manual entry",Weight (manual entry),Body size measures,Continuous,Kg,,,,,11942
102,"Pulse rate, automated reading",This is the pulse rate measured during the automated blood pressure readings.,Blood pressure,Integer,bpm,,,,,476035
5934,Which eye(s) affected by other serious eye condition,"ACE touchscreen question ""Which eye(s) are affected by the other serious eye condition?""<p>~F5934~ was collected from participants who indicated they have other serious eye condition (i.e. not diabetes, glaucoma, trauma, cataract or macular degeneration), as defined by their answers to ~F6148~",Eyesight,Categorical single,,1=Right eye|2=Left eye|3=Both eyes,100515,,3,5685
4199,Position of pulse wave notch,position of the notch<p>A digital volume pulse can be considered to be the summation of a direct and a reflected component. The direct component is due to transmission of a pressure wave from the left ventricle to the finger via the most direct route. The reflected component is formed by pressure transmitted from the heart to the lower body where it is reflected back up the aorta and thence to the finger. This is the time when when notch occurs in the waveform.,Arterial stiffness,Integer,,,,,,236313
20001,"Cancer code, self-reported","Code for cancer. If the participant was uncertain of the type of cancer they had had, then they described it to the interviewer (a trained nurse) who attempted to place it within the coding tree. If the cancer could not be located in the coding tree then the interviewer entered a free-text description of it. These free-text descriptions were subsequently examined by a doctor and, where possible, matched to entries in the coding tree. Free-text descriptions which could not be matched with very high probability have been marked as ""unclassifiable"".",Medical conditions,Categorical multiple,,"-1=other cancer|-1=haematological malignancy|-1=genital tract cancer|-1=urinary tract cancer|-1=neurological system cancer|-1=gastrointestinal cancer|-1=ear/nose/throat cancer|1001=lung cancer|1002=breast cancer|1003=skin cancer|1004=cancer of lip/mouth/pharynx/oral cavity|1005=salivary gland cancer|1006=larynx/throat cancer|1007=nasal cavity cancer|1008=ear cancer|1009=sinus cancer|1010=lip cancer|1011=tongue cancer|1012=gum cancer|1015=parotid gland cancer|1016=other salivary gland cancer|1017=oesophageal cancer|1018=stomach cancer|1019=small intestine/small bowel cancer|1020=large bowel cancer/colorectal cancer|1021=anal cancer|1022=colon cancer/sigmoid cancer|1023=rectal cancer|1024=liver/hepatocellular cancer|1025=gallbladder/bile duct cancer|1026=pancreas cancer|1027=small cell lung cancer|1028=non-small cell lung cancer|1029=peripheral nerve/autonomic nerve cancer|1030=eye and/or adnexal cancer|1031=meningeal cancer / malignant meningioma|1032=brain cancer / primary malignant brain tumour|1033=spinal cord or cranial nerve cancer|1034=kidney/renal cell cancer|1035=bladder cancer|1036=other cancer of urinary tract|1037=female genital tract cancer|1038=male genital tract cancer|1039=ovarian cancer|1040=uterine/endometrial cancer|1041=cervical cancer|1042=vaginal cancer|1043=vulval cancer|1044=prostate cancer|1045=testicular cancer|1046=penis cancer|1047=lymphoma|1048=leukaemia|1050=multiple myeloma|1051=myelofibrosis or myelodysplasia|1052=hodgkins lymphoma / hodgkins disease|1053=non-hodgkins lymphoma|1055=chronic lymphocytic|1056=chronic myeloid|1058=other haematological malignancy|1059=malignant melanoma|1060=non-melanoma skin cancer|1061=basal cell carcinoma|1062=squamous cell carcinoma|1063=primary bone cancer|1064=mesothelioma|1065=thyroid cancer|1066=parathyroid cancer|1067=adrenal cancer|1068=sarcoma/fibrosarcoma|1070=malignant lymph node, unspecified|1071=metastatic cancer (unknown primary)|1072=cin/pre-cancer cells cervix|1073=rodent ulcer|1074=acute myeloid leukaemia|1075=retinoblastoma|1076=kaposis sarcoma|1077=mouth cancer|1078=tonsil cancer|1079=oropharynx / oropharyngeal cancer|1080=trachea cancer|1081=thymus cancer / malignant thymoma|1082=heart / mediastinum cancer|1084=respiratory / intrathoracic cancer|1085=bone metastases / bony secondaries|1086=appendix cancer|1087=fallopian tube cancer|1088=malignant insulinoma|99999=unclassifiable",3,,89,52398
4609,Longest period of depression,"ACE touchscreen question ""How many weeks was the longest period when you were feeling depressed or down?"" <p>Question was introduced part way through fieldwork in April 2009. <p>The following checks were performed: <ul> <li>If answer < 1 then rejected</li> <li>If answer > 999 then rejected</li> </ul> <p>~F4609~ was collected from participants who indicated they have felt depressed or down for at least a whole week, as defined by their answers to ~F4598~",Mental health,Integer,weeks,-1=Do not know|-3=Prefer not to answer,100291,,2,131776
20423,Keyed up or on edge during worst period of anxiety,"Question asked: ""When you were worried or anxious, were you also: Keyed up or on edge?"" <p>Question was asked when ~F20425~ was Yes or ~F20420~ was at least 6 months.",Anxiety,Categorical single,,-121=Do not know|0=No|1=Yes,520,,3,48692
29197,When online Mental health questionnaire completed,When Mental health module of online mental well-being questionnaire completed,Mental health,Date,,,,,,175087
20535,Waking too early,"Question asked: ""Was that: [re sleep change] Waking too early"" <p>Question was asked when ~F20532~ was Yes.",Depression,Categorical single,,0=No|1=Yes,508,,2,60812
22036,At or above moderate/vigorous/walking recommendation,Indicates whether a person met the 2017 UK Physical activity guidelines of 150 minutes of walking or moderate activity per week or 75 minutes of vigorous activity.,MET Scores,Categorical single,,1=Yes|0=No,7,,2,394110
6025,"Fitness test results, including ECG data",Readings taken during the exercise bike test are recorded in an XML file at the end of the test. This is the name of that file (which will be required by any researchers wishing to analyse the data).,ECG during exercise,Text,,,,,,95036
4728,Leg pain on walking,"ACE touchscreen question ""Do you get a pain in either leg on walking?""",Claudication and peripheral artery disease,Categorical single,,1=Yes|0=No|-1=Do not know|-3=Prefer not to answer,100349,,4,247546
10854,Other dietary supplements (pilot),"ACE touchscreen question ""Do you regularly take any of the following? (You can select more than one answer)""<p>The following checks were performed:<ul><li>If code -7 was selected, then no additional choices were allowed.</li><li>If code -3 was selected, then no additional choices were allowed.</li></ul>",Medication,Categorical multiple,,1=Iron|2=Zinc|3=Calcium|4=Selenium|5=Multivitamins|6=Multivitamins with minerals|-7=None of the above|-3=Prefer not to answer,100690,,8,3765
20681,Liking for kiwi fruit,Liking for kiwi fruit measured on a 9-point scale.,Food (and other) preferences,Categorical single,,1=extremely dislike|2=2|3=3|4=4|5=neither like nor dislike|6=6|7=7|8=8|9=extremely like|-121=never tried|-818=do not wish to answer,96,,11,181941
104020,Fried potatoes intake,"Question asked: ""How many servings of potatoes (fried, chips, wedges, roast) did you have?""<p>This question was only asked to participants who reported consuming vegetables.",Fruit/vegetables yesterday,Categorical single,Serving,300=3+|2=2|1=1|555=half|444=quarter,100017,,5,67100
3414,Hip pain for 3+ months,"ACE touchscreen question ""Have you had hip pains for more than 3 months?""<p>~F3414~ was collected from participants who indicated that in the last month they experienced hip pain that interfered with their usual activities, as defined by their answers to ~F6159~",Pain,Categorical single,,1=Yes|0=No|-1=Do not know|-3=Prefer not to answer,100349,,4,67804
20466,Ever prescribed a medication for unusual or psychotic experiences,"Question asked: ""Were you ever prescribed a medication by a health professional for any of these experiences (seeing a vision, hearing a voice, or believing that something strange was trying to communicate with you, or there was a plot against you)?"" <p>Question was asked when ~F20471~ was Yes or ~F20463~ was Yes or ~F20474~ was Yes or ~F20468~ was Yes.",Unusual and psychotic experiences,Categorical single,,-818=Prefer not to answer|-121=Do not know|0=No|1=Yes,502,,4,7787
2139,Age first had sexual intercourse,"ACE touchscreen question ""What was your age when you first had sexual intercourse? (Sexual intercourse includes vaginal, oral or anal intercourse)""<p>The following checks were performed:<ul><li>If answer < 3 then rejected</li><li>If answer > Participants age then rejected</li><li>If answer < 12 then participant asked to confirm</li></ul><p>If the participant activated the Help button they were shown the message:<br><table><tr><td><i>Sexual intercourse includes vaginal, oral or anal intercourse.<br>If you are unsure, please provide an estimate or select Do not know.<br></i></td></tr></table>",Sexual factors,Integer,years,-2=Never had sex|-3=Prefer not to answer|-1=Do not know,100504,,3,456937
680,Own or rent accommodation lived in,"ACE touchscreen question ""Do you own or rent the accommodation that you live in?""<p>If the participant activated the Help button they were shown the message:<br><table><tr><td><i>Please select:<br> - Own outright if you or someone in your household<br>owns the accommodation that you live in.<br> - Own with mortagage if you or someone in your<br>household has a mortagage on the accommodation<br>that you live in.<br></i></td></tr></table><p>~F680~ was collected from participants except those who indicated they were living in a sheltered accommodation or in a care home, as defined by their answers to ~F670~",Household,Categorical single,,"1=Own outright (by you or someone in your household)|2=Own with a mortgage|3=Rent - from local authority, local council, housing association|4=Rent - from private landlord or letting agency|5=Pay part rent and part mortgage (shared ownership)|6=Live in accommodation rent free|-7=None of the above|-3=Prefer not to answer",100287,,8,499743
32256,"Frequency that hyperactivity, restlessness and/or impulsivity interfered with work or education","Social Interactions and Focus online question: ""How often did/do these problems with hyperactivity, restlessness and/or impulsivity interfere with your ability to function: in your work or education?"" <p>Question was asked when ~F32253~ was When I was a child, When I was an adolescent, When I was a young adult, When I was an adult or When I was older than 65.",ADHD (Attention deficit hyperactivity disorder),Categorical single,,0=Never or rarely|1=Sometimes|2=Often|3=Very often or always|-1=Do not know/cannot remember|-3=Prefer not to answer,2626,,6,24855
21051,Degree bothered by headaches in the last 3 months,"Question asked: ""During the past 3 months, how much have you been bothered by headaches?"" <p>The question in this field was taken from the Patient Health Questionnaire 12 Somatic Symptom scale (PHQ-12 SS) used with the publisher's permission. <p>Spiller RC, Humes DJ, Campbell E, et al. The Patient Health Questionnaire 12 Somatic Symptom scale as a predictor of symptom severity and consulting behaviour in patients with irritable bowel syndrome and symptomatic diverticular disease. Alimentary Pharmacology & Therapeutics. 2010;32:811-820",Digestive health,Categorical single,,-600=Not bothered at all|-601=Bothered a little|-602=Bothered a lot|-818=Prefer not to answer,339,,4,183836
20440,Impact on normal roles during worst period of depression,"Question asked: ""Think about your roles at the time of this episode, including study / employment, childcare and housework, leisure pursuits. How much did these problems interfere with your life or activities?"" <p>Question was asked when ~F20446~ was Yes or ~F20441~ was Yes.",Depression,Categorical single,,-818=Prefer not to answer|0=Not at all|1=A little|2=Somewhat|3=A lot,510,,5,88897
2644,"Light smokers, at least 100 smokes in lifetime","ACE touchscreen question ""In your lifetime, have you smoked a total of at least 100 times?""<p>~F2644~ was collected from participants who indicated they smoked occasionally or Just tried once or twice, as defined by their answers to ~F1249~",Smoking,Categorical single,,1=Yes|0=No|-1=Do not know|-3=Prefer not to answer,100349,,4,145745
3859,Reason former drinker stopped drinking alcohol,"ACE touchscreen question ""Why did you stop drinking alcohol?""<p>~F3859~ was collected from participants who indicated that they currently never drink alcohol, as defined by their answers to ~F1558~ and they previously drank alcohol, as defined by their answers to ~F1558~",Alcohol,Categorical single,,1=Illness or ill health|2=Doctor's advice|3=Health precaution|4=Financial reasons|5=Other reason|-1=Do not know|-3=Prefer not to answer,100418,,7,21269
20653,Liking for diet fizzy drinks,Liking for diet fizzy drinks measured on a 9-point scale.,Food (and other) preferences,Categorical single,,1=extremely dislike|2=2|3=3|4=4|5=neither like nor dislike|6=6|7=7|8=8|9=extremely like|-121=never tried|-818=do not wish to answer,96,,11,181941
4195,Pulse wave reflection index,reflection index is a measure of reflection<p>A digital volume pulse can be considered to be the summation of a direct and a reflected component. The direct component is due to transmission of a pressure wave from the left ventricle to the finger via the most direct route. The reflected component is formed by pressure transmitted from the heart to the lower body where it is reflected back up the aorta and thence to the finger. if 'b' is the height of direct wave peak and 'a' is the height of reflected wave peak the reflected index = (a/b) * 100%,Arterial stiffness,Integer,,,,,,236313
20016,Fluid intelligence score,This is a simple unweighted sum of the number of correct answers given to the 13 fluid intelligence questions. Participants who did not answer all of the questions within the allotted 2 minute limit are scored as zero for each of the unattempted questions.,Fluid intelligence / reasoning,Integer,correct-answers,-1=Not calculable due to unclean data,2536,,1,236512
4079,"Diastolic blood pressure, automated reading","Blood pressure, automated reading, diastolic. Two measures of blood pressure were taken a few moments apart. <p>Range returned by the Omron device is is 0-255",Blood pressure,Integer,mmHg,,,,,476035
10844,Gestational diabetes only (pilot),"ACE touchscreen question ""Did you only have diabetes during pregnancy?""",Medical conditions,Categorical single,,1=Yes|0=No|-1=Do not know|-3=Prefer not to answer,100349,,4,63
4200,Position of the shoulder on the pulse waveform,position of the shoulder on the waveform<p>A digital volume pulse can be considered to be the summation of a direct and a reflected component. The direct component is due to transmission of a pressure wave from the left ventricle to the finger via the most direct route. The reflected component is formed by pressure transmitted from the heart to the lower body where it is reflected back up the aorta and thence to the finger. This field is the time of the shoulder like curve in the waveform.,Arterial stiffness,Integer,,,,,,236313
20002,"Non-cancer illness code, self-reported","Code for non-cancer illness. If the participant was uncertain of the type of illness they had had, then they described it to the interviewer (a trained nurse) who attempted to place it within the coding tree. If the illness could not be located in the coding tree then the interviewer entered a free-text description of it. These free-text descriptions were subsequently examined by a doctor and, where possible, matched to entries in the coding tree. Free-text descriptions which could not be matched with very high probability have been marked as ""unclassifiable"". <p> Note that myasthenia gravis appears twice (under codes 1260 and 1437). Please ensure you use both codes to capture all relevant diagnoses.",Medical conditions,Categorical multiple,,,6,Non-cancer Illness,474,400877
4620,Number of depression episodes,"ACE touchscreen question ""How many periods have you had when you were feeling depressed or down for at least a whole week?"" <p>Question was introduced part way through fieldwork in April 2009. <p>The following checks were performed: <ul> <li>If answer < 1 then rejected</li> <li>If answer > 9999 then rejected</li> </ul> <p>~F4620~ was collected from participants who indicated they have felt depressed or down for at least a whole week, as defined by their answers to ~F4598~",Mental health,Integer,periods,-1=Do not know|-3=Prefer not to answer,100291,,2,131776
20426,Restless during period of worst anxiety,"Question asked: ""When you were worried or anxious, were you also: Restless?"" <p>Question was asked when ~F20425~ was Yes or ~F20420~ was at least 6 months.",Anxiety,Categorical single,,-121=Do not know|0=No|1=Yes,520,,3,48692
30009,"Invitation to complete online mental health questionnaire, date sent",Dates that invitations to online mental health questionnaire were emailed to participants.,Mental health,Date,,,,,,332244
28687,Currently suffering from difficulty sleeping,Health and Wellbeing online question: Are you currently suffering from difficulty sleeping ? ,Health and well-being,Categorical single,,1=Yes|0=No|-1=Do not know|-3=Prefer not to answer,100349,,4,195447
6039,Duration of fitness test,Length of the exercise test.<p>Difference between ObservationEndDateTime and ObservationDateTime,ECG during exercise,Integer,seconds,,,,,95036
5452,Leg pain when standing still or sitting,"ACE touchscreen question ""Does this pain ever begin when you are standing still or sitting?""<p>~F5452~ was collected from participants who indicated that they get a pain in either leg on walking, as defined by their answers to ~F4728~",Claudication and peripheral artery disease,Categorical single,,1=Yes|0=No|-1=Do not know|-3=Prefer not to answer,100349,,4,63582
10912,Variation in diet (pilot),"ACE touchscreen question ""Does your diet vary much from week to week?""",Diet,Categorical single,,1=Never/rarely|2=Sometimes|3=Usually|4=Always|-3=Prefer not to answer,100394,,5,3765
100880,Dried fruit added to cereal,"Question asked: ""Did your cereal contain any dried fruit? (e.g. Sultana Bran, Fruit 'n' Fibre)?""<p>This question was only asked to participants who reported consuming breakfast cereals yesterday.",Cereal yesterday,Categorical single,,1=Yes|111=varied,100009,,2,82475
104030,Boiled/baked potatoes intake,"Question asked: ""How many servings of baked or boiled potatoes did you have?""<p>This question was only asked to participants who reported consuming vegetables.",Fruit/vegetables yesterday,Categorical single,Serving,300=3+|2=2|1=1|555=half|444=quarter,100017,,5,89444
3571,Back pain for 3+ months,"ACE touchscreen question ""Have you had back pains for more than 3 months?""<p>~F3571~ was collected from participants who indicated that in the last month they experienced back pain that interfered with their usual activities, as defined by their answers to ~F6159~",Pain,Categorical single,,1=Yes|0=No|-1=Do not know|-3=Prefer not to answer,100349,,4,144829
20503,Ever addicted to prescription or over-the-counter medication,"Question asked: ""Have you been addicted to or dependent on prescription or over-the-counter medication?"" <p>Question was asked when ~F20401~ was Yes.",Addictions,Categorical single,,-818=Prefer not to answer|-121=Do not know|0=No|1=Yes,502,,4,9361
2149,Lifetime number of sexual partners,"ACE touchscreen question ""About how many sexual partners have you had in your lifetime?""<p>The following checks were performed:<ul><li>If answer < 1 then rejected</li><li>If answer > 99997 then rejected</li><li>If answer > 99 then participant asked to confirm</li></ul><p>If the participant activated the Help button they were shown the message:<br><table><tr><td><i>Sexual intercourse includes vaginal, oral or anal intercourse.<br>If you are unsure, please provide an estimate or select Do not know.<br></i></td></tr></table><p>~F2149~ was collected from all participants except those who indicated they never had had sexual intercourse, as defined by their answers to ~F2139~",Sexual factors,Integer,,-1=Do not know|-3=Prefer not to answer,100291,,2,452784
699,Length of time at current address,"ACE touchscreen question ""How many years have you lived at your current address?""<p>The following checks were performed:<ul><li>If answer < 1 then rejected</li><li>If answer > Participants age then rejected</li></ul><p>If the participant activated the Help button they were shown the message:<br><table><tr><td><i>If you have lived there for less than one year select Less than a year.<br>If you are unsure, please provide an estimate or select Do not know.<br>If you have lived at your current address at different times, add up<br>the total number of years you lived there. For instance if you lived<br>at your current address for 3 years, moved overseas for one year and<br>returned to your current address for another 5 years, then you would<br>enter 8 years.<br></i></td></tr></table>",Household,Integer,years,-10=Less than a year|-1=Do not know|-3=Prefer not to answer,100290,,3,501110
32318,Frequency that these issues interfered with work or education,"Social Interactions and Focus online question: ""Thinking about the issues you have reported in the previous questions, how often do you experience significant problems arising from these: in your work or education?"" <p>Question was asked if score from ~F32268~ to ~F32317~ was equal to or greater than 26.",Autism Spectrum Quotient,Categorical single,,0=Never or rarely|1=Sometimes|2=Often|3=Very often or always|-3=Prefer not to answer,2631,,5,21520
21052,Degree bothered by chest pain in the last 3 months,"Question asked: ""During the past 3 months, how much have you been bothered by chest pain?"" <p>The question in this field was taken from the Patient Health Questionnaire 12 Somatic Symptom scale (PHQ-12 SS) used with the publisher's permission. <p>Spiller RC, Humes DJ, Campbell E, et al. The Patient Health Questionnaire 12 Somatic Symptom scale as a predictor of symptom severity and consulting behaviour in patients with irritable bowel syndrome and symptomatic diverticular disease. Alimentary Pharmacology & Therapeutics. 2010;32:811-820",Digestive health,Categorical single,,-600=Not bothered at all|-601=Bothered a little|-602=Bothered a lot|-818=Prefer not to answer,339,,4,183836
22660,Gap coding,"Participants were asked what they did in any periods when they were not working in paid employment for at least 20 hours each week. These periods were called ""gaps"".",Employment history,Categorical single,,"101=Paid work for less than 15 hours per week on average or lasting less than 6 months|102=Unpaid or voluntary work|103=Full-time or part-time education|105=Looking after the home and/or family|106=Unable to work due to sickness or disability|107=Unemployed|108=Retired|-121=Unknown, cannot remember|-717=Other|-818=Prefer not to answer",486,,10,95462
2907,Ever stopped smoking for 6+ months,"ACE touchscreen question ""In the time that you smoked, did you ever stop for more than 6 months?""<p>~F2907~ was collected from participants who indicated that in the past they smoked tobacco on most or all days, as defined by their answers to ~F1249~",Smoking,Categorical single,,1=Yes|0=No|-1=Do not know|-3=Prefer not to answer,100349,,4,125074
10818,Reason for reducing amount of alcohol drunk (pilot),"ACE touchscreen question ""Why did you reduce the amount you drank?""",Alcohol,Categorical single,,1=Illness|2=Financial reasons|3=Other reason|-1=Do not know|-3=Prefer not to answer,100669,,5,1509
20710,Liking for regular (non-diet) fizzy drinks,Liking for regular (non-diet) fizzy drinks measured on a 9-point scale.,Food (and other) preferences,Categorical single,,1=extremely dislike|2=2|3=3|4=4|5=neither like nor dislike|6=6|7=7|8=8|9=extremely like|-121=never tried|-818=do not wish to answer,96,,11,181941
20015,Sitting height,"Distance from rump to crown when sitting, calculated as the difference between ~F51~ and ~F3077~.",Body size measures,Continuous,cm,,,,,496989
20022,Birth weight,"Participants were asked to enter their own birth-weight. <p>The weight could be entered either in Kg or in Imperial pounds+ounces. Values entered as Imperial units are held in ~F121~ and ~F122~, and their values have been converted into Kg and incorporated into this field. <br><br>This question was dropped from the touchscreen protocol on 24/10/2016.",Early life factors,Continuous,Kg,,,,,279910
4080,"Systolic blood pressure, automated reading","Blood pressure, automated reading, systolic. Two measures of blood pressure were taken a few moments apart. <p> Range returned by the Omron device is is 0-255",Blood pressure,Integer,mmHg,,,,,476030
120007,Ever had diabetes (Type I or Type II),Question asked: Have you ever been told by a doctor that you have had diabetes (Type I or Type II)?,Experience of pain,Categorical single,,-818=Prefer not to answer|-121=Do not know|0=No|1=Yes,502,,4,178241
4205,Pulse wave pressure versus time response curve,"Wave data containing 3 waveforms, each consisting of one direct and one reflected component.<p>A digital volume pulse can be considered to be the summation of a direct and a reflected component. The direct component is due to transmission of a pressure wave from the left ventricle to the finger via the most direct route. The reflected component is formed by pressure transmitted from the heart to the lower body where it is reflected back up the aorta and thence to the finger. Each waveform is actually a single pulse with 100 points. Since the heart rate is in beats per minute, a single beat takes 60seconds / Heart Rate and time between two beats is (60/Heart Rate)/100.<p>The data is formatted as follows:<ul><li>The first number (i.e. digits before the first '|' character)indicate the number of points X,Y for the curve.</li><li>Each pair of X,Y values is separated by a '|' character from the preceding/succeeding pair.</li><li>Each pair of X,Y values is separated internally by a ',' character.</ul>The X-axis is the time in milliseconds and the Y-axis is the Pulse signal strength in arbitrary units.",Arterial stiffness,Compound,,,,,,236313
22140,Doctor diagnosed lung cancer (not mesothelioma),"User asked ""Has a doctor ever told you that you have had any of the conditions below?""<p>""lung cancer (not mesothelioma)"" was one of the options listed.",Medical information,Categorical single,,1=Yes|0=No,7,,2,121123
20123,Single episode of probable major depression,"Single episode of probable major depression. <p> This derived data field has come from Professor Jill Pell from the Institute of Health &amp; Wellbeing, University of Glasgow. Methods on how these fields were derived can be found in the Additional Resources tab.",Mental health,Categorical single,,1=Yes|0=No,7,,2,9745
20427,Frequent trouble falling or staying asleep during worst period of anxiety,"Question asked: ""When you were worried or anxious, were you also: Often having trouble falling or staying asleep?"" <p>Question was asked when ~F20425~ was Yes or ~F20420~ was at least 6 months.",Anxiety,Categorical single,,-121=Do not know|0=No|1=Yes,520,,3,48692
28688,Length of time suffering from difficulty sleeping,Health and Wellbeing online question: How long have you been suffering from difficulty sleeping? <p> Question was asked when ~F28687~ was Yes,Health and well-being,Categorical single,,0=Less than two weeks|1=Two to four weeks|2=Four to twelve weeks|3=More than twelve weeks|-1=Do not know|-3=Prefer not to answer,135,,6,54718
30035,Rate of ramp phase load increase (exercise test),"The rate in watts per minute at which load increased during the ramp phase of an exercise test. If there was no ramp phase for a test, this value was set to 0.",VO2max during exercise,Continuous,watts per minute,,,,,80483
5463,Leg pain in calf/calves,"ACE touchscreen question ""Do you get this pain in your calf (calves)?""<p>~F5463~ was collected from participants who indicated that they get a pain in either leg on walking, as defined by their answers to ~F4728~",Claudication and peripheral artery disease,Categorical single,,1=Yes|0=No|-1=Do not know|-3=Prefer not to answer,100349,,4,63582
20077,Number of diet questionnaires completed,,Diet questionnaire performance,Integer,,,,,,210739
101990,Crumble intake,"Question asked: ""How many servings of crumble topping (e.g. fruit crumble, vegetable crumble) did you have? N.B. Fillings and toppings should be recorded later.""",Soup/snacks/pastries yesterday,Categorical single,Serving,400=4+|3=3|2=2|1=1|555=half,100004,,5,11529
104080,Coleslaw intake,"Question asked: ""How many servings of coleslaw or other salad vegetables in mayonnaise (e.g. waldorf salad) did you have?""<p>This question was only asked to participants who reported consuming vegetables.",Fruit/vegetables yesterday,Categorical single,Serving,300=3+|2=2|1=1|555=half|444=quarter,100017,,5,23124
3741,Stomach/abdominal pain for 3+ months,"ACE touchscreen question ""Have you had stomach or abdominal pains for more than 3 months?""<p>~F3741~ was collected from participants who indicated that in the last month they experienced stomach or abdominal pain that interfered with their usual activities, as defined by their answers to ~F6159~",Pain,Categorical single,,1=Yes|0=No|-1=Do not know|-3=Prefer not to answer,100349,,4,48702
20504,Ongoing addiction or dependence to over-the-counter medication,"Question asked: ""Is this addiction or dependence ongoing?"" <p>Question was asked when ~F20503~ was Yes.",Addictions,Categorical single,,-818=Prefer not to answer|0=No|1=Yes,503,,3,1315
2159,Ever had same-sex intercourse,"ACE touchscreen question ""Have you ever had sexual intercourse with someone of the same sex?""<p>If the participant activated the Help button they were shown the message:<br><table><tr><td><i>Sexual intercourse includes vaginal, oral or anal intercourse.<br></i></td></tr></table><p>~F2159~ was collected from all participants except those who indicated they never had had sexual intercourse, as defined by their answers to ~F2139~",Sexual factors,Categorical single,,1=Yes|0=No|-3=Prefer not to answer,100352,,3,452784
709,Number in household,"ACE touchscreen question ""Including yourself, how many people are living together in your household? (Include those who usually live in the house such as students living away from home during term, partners in the armed forces or professions such as pilots)""<p>The following checks were performed:<ul><li>If answer < 1 then rejected</li><li>If answer > 100 then rejected</li><li>If answer > 12 then participant asked to confirm</li></ul><p>If the participant activated the Help button they were shown the message:<br><table><tr><td><i>If you live alone, enter 1.<br>Include those who usually live in the house such as students living away<br>from home during term, partners in the armed forces or professions such as<br>pilots.<br></i></td></tr></table><p>~F709~ was collected from all participants except those who indicated they were living in a sheltered accommodation or in a care home, as defined by their answers to ~F670~",Household,Integer,people,-1=Do not know|-3=Prefer not to answer,100291,,2,499741
32335,Frequency that irritability interfered with work or education,"Social Interactions and Focus online question: ""During the period of time when these problems with irritability were/are occurring, how often did/do you experience significant problems arising from these: in your work or education?""",Emotional Dysregulation,Categorical single,,0=Never or rarely|1=Sometimes|2=Often|3=Very often or always|-1=Do not know/cannot remember|-3=Prefer not to answer,2626,,6,19352
21053,Degree bothered by dizziness in the last 3 months,"Question asked: ""During the past 3 months, how much have you been bothered by dizziness?"" <p>The question in this field was taken from the Patient Health Questionnaire 12 Somatic Symptom scale (PHQ-12 SS) used with the publisher's permission. <p>Spiller RC, Humes DJ, Campbell E, et al. The Patient Health Questionnaire 12 Somatic Symptom scale as a predictor of symptom severity and consulting behaviour in patients with irritable bowel syndrome and symptomatic diverticular disease. Alimentary Pharmacology & Therapeutics. 2010;32:811-820",Digestive health,Categorical single,,-600=Not bothered at all|-601=Bothered a little|-602=Bothered a lot|-818=Prefer not to answer,339,,4,183836
22661,Number of gap periods,This is the number of distinct periods in which a participant was not working in paid employment for at least 20 hours each week.,Employment history,Integer,,,,,,118527
2936,Likelihood of resuming smoking,"ACE touchscreen question ""Do you think you may start smoking again?""<p>~F2936~ was collected from participants who indicated that in the past they smoked tobacco on most or all days, as defined by their answers to ~F1249~ and that during the time they smoked they stopped for more than 6 months, as defined by their answers to ~F1249~",Smoking,Categorical single,,"1=Yes, definitely|2=Yes, probably|3=No, probably not|4=No, definitely not|-1=Do not know|-3=Prefer not to answer",100369,,6,125074
10853,Reason former drinker stopped drinking alcohol (pilot),"ACE touchscreen question ""Why did you stop drinking?"" <br> Former drinkers were asked why they stopped drinking alcohol.",Alcohol,Categorical single,,1=Illness|2=Financial reasons|3=Other reason|-1=Do not know|-3=Prefer not to answer,100669,,5,138
20731,Liking for sweet coffee house drinks,"Liking for sweet coffee house drinks (e.g. mochas, frappucinos, flavoured lattes) measured on a 9-point scale.",Food (and other) preferences,Categorical single,,1=extremely dislike|2=2|3=3|4=4|5=neither like nor dislike|6=6|7=7|8=8|9=extremely like|-121=never tried|-818=do not wish to answer,96,,11,181943
20047,Reason for skipping standing height,Reason standing height measurement was not performed (entered as free-text by a UK Biobank Staff member).<p>This field was created by post-hoc coding the free-text reasons entered during the assessment centre visit. The encoding used was constructed after the data had been examined to determine suitable representative groupings.,Body size measures,Categorical single,,100=Declined|101=Against participant wishes|102=Lack of time|103=Feeling unwell|104=Other health reason|200=Equipment failure|201=Malfunction|202=Not available|300=Reason not known|400=Unable|401=Above max weight|402=Amputee|403=Feeling unwell|404=Limb injury|405=Other health reason|406=Pregnant|407=Reason not stated|408=Unable to grip|409=Unable to remove shoes/socks|410=Wheelchair user/unable to stand|411=Asthma/lung disease|412=Unable to understand instructions|413=Physically unable|414=Previous measures unavailable|415=Arthritis|416=Recent surgery|417=Stroke/weakness/paralysis|418=Above max measurement|419=Colostomy bag|420=Below minimum height scale|421=Unable to sit|500=Nurse Advised not to perform|501=Chest infection|502=Collapsed lung|503=Heart problems|504=High BP|505=Pregnant|506=Reason not known|507=Recent surgery|508=Retinal detachment/eye problems|509=Tuberculosis,47,,41,823
20041,Reason for skipping weight,Reason weight measurement was not performed (entered as free-text by a UK Biobank Staff member).<p>This field was created by post-hoc coding the free-text reasons entered during the assessment centre visit. The encoding used was constructed after the data had been examined to determine suitable representative groupings.,Body size measures,Categorical single,,100=Declined|101=Against participant wishes|102=Lack of time|103=Feeling unwell|104=Other health reason|200=Equipment failure|201=Malfunction|202=Not available|300=Reason not known|400=Unable|401=Above max weight|402=Amputee|403=Feeling unwell|404=Limb injury|405=Other health reason|406=Pregnant|407=Reason not stated|408=Unable to grip|409=Unable to remove shoes/socks|410=Wheelchair user/unable to stand|411=Asthma/lung disease|412=Unable to understand instructions|413=Physically unable|414=Previous measures unavailable|415=Arthritis|416=Recent surgery|417=Stroke/weakness/paralysis|418=Above max measurement|419=Colostomy bag|420=Below minimum height scale|421=Unable to sit|500=Nurse Advised not to perform|501=Chest infection|502=Collapsed lung|503=Heart problems|504=High BP|505=Pregnant|506=Reason not known|507=Recent surgery|508=Retinal detachment/eye problems|509=Tuberculosis,47,,41,1044
4081,Method of measuring blood pressure,"Blood pressure, method of collecting reading",Blood pressure,Categorical single,,1=Direct entry|2=Manual entry of electronic results|3=Manual sphygmometer|4=Not performed|-1=Question not asked due to previous answers,100259,,5,501109
120071,Legs and/or feet are usually numb,"Question asked: We would now like to ask about the feeling in your legs and feet. Select yes or no based on how you usually feel. Are your legs and/or feet numb? <p> <p>Only asked if one or more of ~F120001~, ~F120007~, ~F120008~ was answered yes. <p> <p>The question in this field was taken from the Michigan Neuropathy Screening Instrument (MNSI) licensed by MAPI Research Trust. <p> <p>Feldman EL, Stevens MJ, Thomas PK, Brown MB, Canal N, Greene DA. A practical two-step quantitative clinical and electrophysiological assessment for the diagnosis and staging of diabetic neuropathy. Diabetes Care. 1994;17(11):1281-1289.",Experience of pain,Categorical single,,-818=Prefer not to answer|-121=Do not know|0=No|1=Yes,502,,4,31644
6014,Doctor restricts physical activity due to heart condition,"Exercise safety question 1, asked prior to fitness test<p>""Has a doctor ever said that you have a heart condition and that you should only do physical activity recommended by a doctor""",ECG during exercise,Categorical single,,1=Yes|2=Unsure|0=No,100267,,3,96441
22180,Recent medication for lung cancer (not mesothelioma),User asked whether they are currently on medication for the lung cancer (not mesothelioma) which was diagnosed by a doctor,Medical information,Categorical single,,1=Yes|0=No,7,,2,156
20124,Probable recurrent major depression (moderate),"Probable recurrent major depression (moderate). <p> This derived data field has come from Professor Jill Pell from the Institute of Health &amp; Wellbeing, University of Glasgow. Methods on how these fields were derived can be found in the Additional Resources tab.",Mental health,Categorical single,,1=Yes|0=No,7,,2,15222
20428,Professional informed about anxiety,"Question asked: ""Did you ever tell a professional about these problems (medical doctor, psychologist, social worker, counsellor, nurse, clergy, or other helping professional)?"" <p>Question was asked when ~F20425~ was Yes or ~F20420~ was at least 6 months.",Anxiety,Categorical single,,-818=Prefer not to answer|-121=Do not know|0=No|1=Yes,502,,4,48692
28689,Extent affected by difficulty sleeping,Health and Wellbeing online question: To what extent is difficulty sleeping affecting you? <p> Question was asked when ~F28687~ was Yes,Health and well-being,Categorical single,,"0=It is not limiting me|1=It is causing me to avoid, reduce or spread out my usual activities|-1=Do not know|-3=Prefer not to answer",149,,4,54718
